1370225500145,249,/updatelava.php,200,OK,Thread Group 1-1,text,true,191,249
1370225500188,247,/updatelava.php,200,OK,Thread Group 1-2,text,true,191,247
1370225500233,233,/updatelava.php,200,OK,Thread Group 1-3,text,true,191,233
1370225500280,253,/updatelava.php,200,OK,Thread Group 1-4,text,true,191,253
1370225500395,178,/updatelava.php,200,OK,Thread Group 1-1,text,true,191,178
1370225500325,278,/updatelava.php,200,OK,Thread Group 1-5,text,true,191,278
1370225500437,243,/updatelava.php,200,OK,Thread Group 1-2,text,true,191,243
1370225500372,347,/updatelava.php,200,OK,Thread Group 1-6,text,true,191,347
1370225500467,291,/updatelava.php,200,OK,Thread Group 1-3,text,true,191,291
1370225500533,294,/updatelava.php,200,OK,Thread Group 1-4,text,true,191,294
1370225500416,538,/updatelava.php,200,OK,Thread Group 1-7,text,true,191,538
1370225500574,424,/updatelava.php,200,OK,Thread Group 1-1,text,true,191,424
1370225500463,589,/updatelava.php,200,OK,Thread Group 1-8,text,true,191,589
1370225500604,493,/updatelava.php,200,OK,Thread Group 1-5,text,true,191,493
1370225500511,654,/updatelava.php,200,OK,Thread Group 1-9,text,true,191,654
1370225500556,648,/updatelava.php,200,OK,Thread Group 1-10,text,true,191,648
1370225500681,579,/updatelava.php,200,OK,Thread Group 1-2,text,true,191,579
1370225500599,773,/updatelava.php,200,OK,Thread Group 1-11,text,true,191,773
1370225500645,772,/updatelava.php,200,OK,Thread Group 1-12,text,true,191,772
1370225500720,741,/updatelava.php,200,OK,Thread Group 1-6,text,true,191,741
1370225500759,756,/updatelava.php,200,OK,Thread Group 1-3,text,true,191,756
1370225500691,869,/updatelava.php,200,OK,Thread Group 1-13,text,true,191,869
1370225500827,769,/updatelava.php,200,OK,Thread Group 1-4,text,true,191,769
1370225500784,859,/updatelava.php,200,OK,Thread Group 1-15,text,true,191,859
1370225500828,849,/updatelava.php,200,OK,Thread Group 1-16,text,true,191,849
1370225500955,826,/updatelava.php,200,OK,Thread Group 1-7,text,true,191,826
1370225500874,949,/updatelava.php,200,OK,Thread Group 1-17,text,true,191,949
1370225500999,872,/updatelava.php,200,OK,Thread Group 1-1,text,true,191,872
1370225500966,939,/updatelava.php,200,OK,Thread Group 1-19,text,true,191,939
1370225501053,976,/updatelava.php,200,OK,Thread Group 1-8,text,true,191,976
1370225501098,963,/updatelava.php,200,OK,Thread Group 1-5,text,true,191,963
1370225501011,1086,/updatelava.php,200,OK,Thread Group 1-20,text,true,191,1086
1370225501059,1066,/updatelava.php,200,OK,Thread Group 1-21,text,true,191,1066
1370225501165,993,/updatelava.php,200,OK,Thread Group 1-9,text,true,191,993
1370225500736,1460,/updatelava.php,200,OK,Thread Group 1-14,text,true,191,1460
1370225501105,1142,/updatelava.php,200,OK,Thread Group 1-22,text,true,191,1142
1370225501205,1081,/updatelava.php,200,OK,Thread Group 1-10,text,true,191,1081
1370225501261,1137,/updatelava.php,200,OK,Thread Group 1-2,text,true,191,1137
1370225500919,1562,/updatelava.php,200,OK,Thread Group 1-18,text,true,191,1562
1370225501372,1154,/updatelava.php,200,OK,Thread Group 1-11,text,true,191,1154
1370225501418,1291,/updatelava.php,200,OK,Thread Group 1-12,text,true,191,1291
1370225501499,1410,/updatelava.php,200,OK,Thread Group 1-6,text,true,191,1410
1370225501561,1403,/updatelava.php,200,OK,Thread Group 1-13,text,true,191,1403
1370225501597,1402,/updatelava.php,200,OK,Thread Group 1-4,text,true,191,1402
1370225501643,1391,/updatelava.php,200,OK,Thread Group 1-15,text,true,191,1391
1370225501678,1396,/updatelava.php,200,OK,Thread Group 1-16,text,true,191,1396
1370225501782,1339,/updatelava.php,200,OK,Thread Group 1-7,text,true,191,1339
1370225501872,1295,/updatelava.php,200,OK,Thread Group 1-1,text,true,191,1295
1370225501824,1376,/updatelava.php,200,OK,Thread Group 1-17,text,true,191,1376
1370225501906,1400,/updatelava.php,200,OK,Thread Group 1-19,text,true,191,1400
1370225501516,1865,/updatelava.php,200,OK,Thread Group 1-3,text,true,191,1865
1370225502030,1408,/updatelava.php,200,OK,Thread Group 1-8,text,true,191,1408
1370225502062,1539,/updatelava.php,200,OK,Thread Group 1-5,text,true,191,1539
1370225502098,1535,/updatelava.php,200,OK,Thread Group 1-20,text,true,191,1535
1370225502126,1541,/updatelava.php,200,OK,Thread Group 1-21,text,true,191,1541
1370225502159,1555,/updatelava.php,200,OK,Thread Group 1-9,text,true,191,1555
1370225502197,1601,/updatelava.php,200,OK,Thread Group 1-14,text,true,191,1601
1370225502248,1590,/updatelava.php,200,OK,Thread Group 1-22,text,true,191,1590
1370225502287,1606,/updatelava.php,200,OK,Thread Group 1-10,text,true,191,1606
1370225502400,1530,/updatelava.php,200,OK,Thread Group 1-2,text,true,191,1530
1370225502482,1491,/updatelava.php,200,OK,Thread Group 1-18,text,true,191,1491
1370225502526,1483,/updatelava.php,200,OK,Thread Group 1-11,text,true,191,1483
1370225502710,1337,/updatelava.php,200,OK,Thread Group 1-12,text,true,191,1337
1370225502909,1254,/updatelava.php,200,OK,Thread Group 1-6,text,true,191,1254
1370225502965,1233,/updatelava.php,200,OK,Thread Group 1-13,text,true,191,1233
1370225503000,1238,/updatelava.php,200,OK,Thread Group 1-4,text,true,191,1238
1370225503035,1234,/updatelava.php,200,OK,Thread Group 1-15,text,true,191,1234
1370225503075,1234,/updatelava.php,200,OK,Thread Group 1-16,text,true,191,1234
1370225503122,1221,/updatelava.php,200,OK,Thread Group 1-7,text,true,191,1221
1370225503168,1216,/updatelava.php,200,OK,Thread Group 1-1,text,true,191,1216
1370225503201,1354,/updatelava.php,200,OK,Thread Group 1-17,text,true,191,1354
1370225503307,1300,/updatelava.php,200,OK,Thread Group 1-19,text,true,191,1300
1370225503382,1364,/updatelava.php,200,OK,Thread Group 1-3,text,true,191,1364
1370225503439,1365,/updatelava.php,200,OK,Thread Group 1-8,text,true,191,1365
1370225503602,1443,/updatelava.php,200,OK,Thread Group 1-5,text,true,191,1443
1370225503634,1576,/updatelava.php,200,OK,Thread Group 1-20,text,true,191,1576
1370225503668,1593,/updatelava.php,200,OK,Thread Group 1-21,text,true,191,1593
1370225503715,1666,/updatelava.php,200,OK,Thread Group 1-9,text,true,191,1666
1370225503799,1619,/updatelava.php,200,OK,Thread Group 1-14,text,true,191,1619
1370225503839,1643,/updatelava.php,200,OK,Thread Group 1-22,text,true,191,1643
1370225503894,1707,/updatelava.php,200,OK,Thread Group 1-10,text,true,191,1707
1370225503931,1720,/updatelava.php,200,OK,Thread Group 1-2,text,true,191,1720
1370225503974,1707,/updatelava.php,200,OK,Thread Group 1-18,text,true,191,1707
1370225504047,1668,/updatelava.php,200,OK,Thread Group 1-12,text,true,191,1668
1370225504009,1736,/updatelava.php,200,OK,Thread Group 1-11,text,true,191,1736
1370225504164,1622,/updatelava.php,200,OK,Thread Group 1-6,text,true,191,1622
1370225504239,1590,/updatelava.php,200,OK,Thread Group 1-4,text,true,191,1590
1370225504270,1597,/updatelava.php,200,OK,Thread Group 1-15,text,true,191,1597
1370225504199,1711,/updatelava.php,200,OK,Thread Group 1-13,text,true,191,1711
1370225504310,1627,/updatelava.php,200,OK,Thread Group 1-16,text,true,191,1627
1370225504384,1587,/updatelava.php,200,OK,Thread Group 1-1,text,true,191,1587
1370225504556,1453,/updatelava.php,200,OK,Thread Group 1-17,text,true,191,1453
1370225504344,1803,/updatelava.php,200,OK,Thread Group 1-7,text,true,191,1803
1370225504608,1574,/updatelava.php,200,OK,Thread Group 1-19,text,true,191,1574
1370225504804,1410,/updatelava.php,200,OK,Thread Group 1-8,text,true,191,1410
1370225504747,1505,/updatelava.php,200,OK,Thread Group 1-3,text,true,191,1505
1370225505046,1245,/updatelava.php,200,OK,Thread Group 1-5,text,true,191,1245
1370225505210,1123,/updatelava.php,200,OK,Thread Group 1-20,text,true,191,1123
1370225505262,1144,/updatelava.php,200,OK,Thread Group 1-21,text,true,191,1144
1370225505382,1056,/updatelava.php,200,OK,Thread Group 1-9,text,true,191,1056
1370225505419,1068,/updatelava.php,200,OK,Thread Group 1-14,text,true,191,1068
1370225505484,1041,/updatelava.php,200,OK,Thread Group 1-22,text,true,191,1041
1370225505602,972,/updatelava.php,200,OK,Thread Group 1-10,text,true,191,972
1370225505652,961,/updatelava.php,200,OK,Thread Group 1-2,text,true,191,961
1370225505682,961,/updatelava.php,200,OK,Thread Group 1-18,text,true,191,961
1370225505715,957,/updatelava.php,200,OK,Thread Group 1-12,text,true,191,957
1370225505788,910,/updatelava.php,200,OK,Thread Group 1-6,text,true,191,910
1370225505830,912,/updatelava.php,200,OK,Thread Group 1-4,text,true,191,912
1370225505746,1031,/updatelava.php,200,OK,Thread Group 1-11,text,true,191,1031
1370225505868,939,/updatelava.php,200,OK,Thread Group 1-15,text,true,191,939
1370225505911,948,/updatelava.php,200,OK,Thread Group 1-13,text,true,191,948
1370225505938,1052,/updatelava.php,200,OK,Thread Group 1-16,text,true,191,1052
1370225505972,1044,/updatelava.php,200,OK,Thread Group 1-1,text,true,191,1044
1370225506009,1044,/updatelava.php,200,OK,Thread Group 1-17,text,true,191,1044
1370225506146,949,/updatelava.php,200,OK,Thread Group 1-7,text,true,191,949
1370225506182,981,/updatelava.php,200,OK,Thread Group 1-19,text,true,191,981
1370225506214,992,/updatelava.php,200,OK,Thread Group 1-8,text,true,191,992
1370225506290,1002,/updatelava.php,200,OK,Thread Group 1-5,text,true,191,1002
1370225506252,1077,/updatelava.php,200,OK,Thread Group 1-3,text,true,191,1077
1370225506406,953,/updatelava.php,200,OK,Thread Group 1-21,text,true,191,952
1370225506438,955,/updatelava.php,200,OK,Thread Group 1-9,text,true,191,955
1370225506486,953,/updatelava.php,200,OK,Thread Group 1-14,text,true,191,953
1370225506525,964,/updatelava.php,200,OK,Thread Group 1-22,text,true,191,964
1370225506574,961,/updatelava.php,200,OK,Thread Group 1-10,text,true,191,961
1370225506612,984,/updatelava.php,200,OK,Thread Group 1-2,text,true,191,984
1370225506643,997,/updatelava.php,200,OK,Thread Group 1-18,text,true,191,997
1370225506671,1080,/updatelava.php,200,OK,Thread Group 1-12,text,true,191,1080
1370225506698,1247,/updatelava.php,200,OK,Thread Group 1-6,text,true,191,1247
1370225506742,1356,/updatelava.php,200,OK,Thread Group 1-4,text,true,191,1356
1370225506777,1446,/updatelava.php,200,OK,Thread Group 1-11,text,true,191,1446
1370225506858,1451,/updatelava.php,200,OK,Thread Group 1-13,text,true,191,1451
1370225506807,1587,/updatelava.php,200,OK,Thread Group 1-15,text,true,191,1587
1370225507016,1540,/updatelava.php,200,OK,Thread Group 1-1,text,true,191,1540
1370225507053,1573,/updatelava.php,200,OK,Thread Group 1-17,text,true,191,1573
1370225506990,1706,/updatelava.php,200,OK,Thread Group 1-16,text,true,191,1706
1370225507096,1646,/updatelava.php,200,OK,Thread Group 1-7,text,true,191,1646
1370225507164,1622,/updatelava.php,200,OK,Thread Group 1-19,text,true,191,1622
1370225507207,1636,/updatelava.php,200,OK,Thread Group 1-8,text,true,191,1636
1370225507294,1644,/updatelava.php,200,OK,Thread Group 1-5,text,true,191,1644
1370225507330,1651,/updatelava.php,200,OK,Thread Group 1-3,text,true,191,1651
1370225507359,1708,/updatelava.php,200,OK,Thread Group 1-21,text,true,191,1708
1370225507394,1703,/updatelava.php,200,OK,Thread Group 1-9,text,true,191,1703
1370225507440,1686,/updatelava.php,200,OK,Thread Group 1-14,text,true,191,1686
1370225506334,2832,/updatelava.php,200,OK,Thread Group 1-20,text,true,191,2832
1370225507490,1714,/updatelava.php,200,OK,Thread Group 1-22,text,true,191,1714
1370225507536,1707,/updatelava.php,200,OK,Thread Group 1-10,text,true,191,1707
1370225507596,1674,/updatelava.php,200,OK,Thread Group 1-2,text,true,191,1674
1370225507641,1666,/updatelava.php,200,OK,Thread Group 1-18,text,true,191,1666
1370225507751,1581,/updatelava.php,200,OK,Thread Group 1-12,text,true,191,1581
1370225507945,1419,/updatelava.php,200,OK,Thread Group 1-6,text,true,191,1419
1370225508098,1325,/updatelava.php,200,OK,Thread Group 1-4,text,true,191,1325
1370225508224,1312,/updatelava.php,200,OK,Thread Group 1-11,text,true,191,1312
1370225508310,1270,/updatelava.php,200,OK,Thread Group 1-13,text,true,191,1270
1370225508395,1246,/updatelava.php,200,OK,Thread Group 1-15,text,true,191,1246
1370225508557,1128,/updatelava.php,200,OK,Thread Group 1-1,text,true,191,1128
1370225508627,1147,/updatelava.php,200,OK,Thread Group 1-17,text,true,191,1147
1370225508697,1112,/updatelava.php,200,OK,Thread Group 1-16,text,true,191,1112
1370225508742,1096,/updatelava.php,200,OK,Thread Group 1-7,text,true,191,1096
1370225508788,1077,/updatelava.php,200,OK,Thread Group 1-19,text,true,191,1077
1370225508844,1051,/updatelava.php,200,OK,Thread Group 1-8,text,true,191,1051
1370225508939,987,/updatelava.php,200,OK,Thread Group 1-5,text,true,191,987
1370225508982,974,/updatelava.php,200,OK,Thread Group 1-3,text,true,191,974
1370225509097,888,/updatelava.php,200,OK,Thread Group 1-9,text,true,191,888
1370225509068,954,/updatelava.php,200,OK,Thread Group 1-21,text,true,191,954
1370225509167,901,/updatelava.php,200,OK,Thread Group 1-20,text,true,191,901
1370225509127,1000,/updatelava.php,200,OK,Thread Group 1-14,text,true,191,1000
1370225509205,976,/updatelava.php,200,OK,Thread Group 1-22,text,true,191,976
1370225509271,976,/updatelava.php,200,OK,Thread Group 1-2,text,true,191,976
1370225509244,1039,/updatelava.php,200,OK,Thread Group 1-10,text,true,191,1039
1370225509308,1009,/updatelava.php,200,OK,Thread Group 1-18,text,true,191,1009
1370225509333,1007,/updatelava.php,200,OK,Thread Group 1-12,text,true,191,1007
1370225509365,1012,/updatelava.php,200,OK,Thread Group 1-6,text,true,191,1012
1370225509424,978,/updatelava.php,200,OK,Thread Group 1-4,text,true,191,978
1370225509537,907,/updatelava.php,200,OK,Thread Group 1-11,text,true,191,907
1370225509581,927,/updatelava.php,200,OK,Thread Group 1-13,text,true,191,927
1370225509642,897,/updatelava.php,200,OK,Thread Group 1-15,text,true,191,897
1370225509775,799,/updatelava.php,200,OK,Thread Group 1-17,text,true,191,799
1370225509810,813,/updatelava.php,200,OK,Thread Group 1-16,text,true,191,813
1370225509838,824,/updatelava.php,200,OK,Thread Group 1-7,text,true,191,824
1370225509865,826,/updatelava.php,200,OK,Thread Group 1-19,text,true,191,826
1370225509896,830,/updatelava.php,200,OK,Thread Group 1-8,text,true,191,830
1370225509927,863,/updatelava.php,200,OK,Thread Group 1-5,text,true,191,863
1370225509957,955,/updatelava.php,200,OK,Thread Group 1-3,text,true,191,955
1370225509986,978,/updatelava.php,200,OK,Thread Group 1-9,text,true,191,978
1370225510023,968,/updatelava.php,200,OK,Thread Group 1-21,text,true,191,968
1370225510068,980,/updatelava.php,200,OK,Thread Group 1-20,text,true,191,980
1370225510128,970,/updatelava.php,200,OK,Thread Group 1-14,text,true,191,970
1370225510182,939,/updatelava.php,200,OK,Thread Group 1-22,text,true,191,939
1370225510284,885,/updatelava.php,200,OK,Thread Group 1-10,text,true,191,884
1370225510318,890,/updatelava.php,200,OK,Thread Group 1-18,text,true,191,890
1370225510341,939,/updatelava.php,200,OK,Thread Group 1-12,text,true,191,939
1370225510378,1066,/updatelava.php,200,OK,Thread Group 1-6,text,true,191,1066
1370225510444,1002,/updatelava.php,200,OK,Thread Group 1-11,text,true,191,1002
1370225510509,958,/updatelava.php,200,OK,Thread Group 1-13,text,true,191,958
1370225510575,947,/updatelava.php,200,OK,Thread Group 1-17,text,true,191,947
1370225510540,1016,/updatelava.php,200,OK,Thread Group 1-15,text,true,191,1016
1370225510624,982,/updatelava.php,200,OK,Thread Group 1-16,text,true,191,982
1370225510692,954,/updatelava.php,200,OK,Thread Group 1-19,text,true,191,954
1370225510663,1073,/updatelava.php,200,OK,Thread Group 1-7,text,true,191,1073
1370225510727,1057,/updatelava.php,200,OK,Thread Group 1-8,text,true,191,1057
1370225510964,849,/updatelava.php,200,OK,Thread Group 1-9,text,true,191,849
1370225510992,911,/updatelava.php,200,OK,Thread Group 1-21,text,true,191,911
1370225511050,898,/updatelava.php,200,OK,Thread Group 1-20,text,true,191,898
1370225511123,857,/updatelava.php,200,OK,Thread Group 1-22,text,true,191,857
1370225511100,984,/updatelava.php,200,OK,Thread Group 1-14,text,true,191,984
1370225511170,995,/updatelava.php,200,OK,Thread Group 1-10,text,true,191,995
1370225511210,986,/updatelava.php,200,OK,Thread Group 1-18,text,true,191,986
1370225511282,953,/updatelava.php,200,OK,Thread Group 1-12,text,true,191,953
1370225511448,820,/updatelava.php,200,OK,Thread Group 1-11,text,true,191,820
1370225511469,872,/updatelava.php,200,OK,Thread Group 1-13,text,true,191,872
1370225511608,770,/updatelava.php,200,OK,Thread Group 1-16,text,true,191,770
1370225511557,851,/updatelava.php,200,OK,Thread Group 1-15,text,true,191,851
1370225511523,919,/updatelava.php,200,OK,Thread Group 1-17,text,true,191,919
1370225511648,849,/updatelava.php,200,OK,Thread Group 1-19,text,true,191,849
1370225511905,625,/updatelava.php,200,OK,Thread Group 1-21,text,true,191,625
1370225511949,626,/updatelava.php,200,OK,Thread Group 1-20,text,true,191,626
1370225511981,760,/updatelava.php,200,OK,Thread Group 1-22,text,true,191,760
1370225512085,773,/updatelava.php,200,OK,Thread Group 1-14,text,true,191,773
1370225512196,776,/updatelava.php,200,OK,Thread Group 1-18,text,true,191,776
1370225512576,403,/updatelava.php,200,OK,Thread Group 1-20,text,true,191,403
