1370224675086,314,/deletelava.php,200,OK,Thread Group 1-1,text,true,191,314
1370224675132,316,/deletelava.php,200,OK,Thread Group 1-2,text,true,191,316
1370224675177,320,/deletelava.php,200,OK,Thread Group 1-3,text,true,191,320
1370224675222,365,/deletelava.php,200,OK,Thread Group 1-4,text,true,191,365
1370224675266,348,/deletelava.php,200,OK,Thread Group 1-5,text,true,191,348
1370224675313,334,/deletelava.php,200,OK,Thread Group 1-6,text,true,191,334
1370224675358,327,/deletelava.php,200,OK,Thread Group 1-7,text,true,191,327
1370224675453,259,/deletelava.php,200,OK,Thread Group 1-2,text,true,191,259
1370224675499,239,/deletelava.php,200,OK,Thread Group 1-3,text,true,191,239
1370224675405,370,/deletelava.php,200,OK,Thread Group 1-8,text,true,191,370
1370224675455,427,/deletelava.php,200,OK,Thread Group 1-9,text,true,191,427
1370224675402,481,/deletelava.php,200,OK,Thread Group 1-1,text,true,191,481
1370224675495,524,/deletelava.php,200,OK,Thread Group 1-10,text,true,191,524
1370224675588,463,/deletelava.php,200,OK,Thread Group 1-4,text,true,191,463
1370224675616,496,/deletelava.php,200,OK,Thread Group 1-5,text,true,191,496
1370224675541,608,/deletelava.php,200,OK,Thread Group 1-11,text,true,191,608
1370224675649,620,/deletelava.php,200,OK,Thread Group 1-6,text,true,191,620
1370224675587,714,/deletelava.php,200,OK,Thread Group 1-12,text,true,191,714
1370224675686,649,/deletelava.php,200,OK,Thread Group 1-7,text,true,191,649
1370224675633,737,/deletelava.php,200,OK,Thread Group 1-13,text,true,191,737
1370224675714,696,/deletelava.php,200,OK,Thread Group 1-2,text,true,191,696
1370224675676,803,/deletelava.php,200,OK,Thread Group 1-14,text,true,191,803
1370224675740,784,/deletelava.php,200,OK,Thread Group 1-3,text,true,191,784
1370224675768,809,/deletelava.php,200,OK,Thread Group 1-16,text,true,191,809
1370224675724,885,/deletelava.php,200,OK,Thread Group 1-15,text,true,191,885
1370224675883,764,/deletelava.php,200,OK,Thread Group 1-9,text,true,191,764
1370224675776,898,/deletelava.php,200,OK,Thread Group 1-8,text,true,191,898
1370224675885,825,/deletelava.php,200,OK,Thread Group 1-1,text,true,191,825
1370224675815,939,/deletelava.php,200,OK,Thread Group 1-17,text,true,191,939
1370224675859,934,/deletelava.php,200,OK,Thread Group 1-18,text,true,191,934
1370224676020,805,/deletelava.php,200,OK,Thread Group 1-10,text,true,191,805
1370224675906,967,/deletelava.php,200,OK,Thread Group 1-19,text,true,191,967
1370224675950,953,/deletelava.php,200,OK,Thread Group 1-20,text,true,191,953
1370224676052,1002,/deletelava.php,200,OK,Thread Group 1-4,text,true,191,1002
1370224675997,1142,/deletelava.php,200,OK,Thread Group 1-21,text,true,191,1142
1370224676041,1136,/deletelava.php,200,OK,Thread Group 1-22,text,true,191,1136
1370224676112,1154,/deletelava.php,200,OK,Thread Group 1-5,text,true,191,1154
1370224676150,1180,/deletelava.php,200,OK,Thread Group 1-11,text,true,191,1180
1370224676269,1123,/deletelava.php,200,OK,Thread Group 1-6,text,true,191,1123
1370224676303,1205,/deletelava.php,200,OK,Thread Group 1-12,text,true,191,1205
1370224676335,1327,/deletelava.php,200,OK,Thread Group 1-7,text,true,191,1327
1370224676371,1354,/deletelava.php,200,OK,Thread Group 1-13,text,true,191,1353
1370224676411,1446,/deletelava.php,200,OK,Thread Group 1-2,text,true,191,1446
1370224676480,1429,/deletelava.php,200,OK,Thread Group 1-14,text,true,191,1429
1370224676525,1488,/deletelava.php,200,OK,Thread Group 1-3,text,true,191,1488
1370224676578,1489,/deletelava.php,200,OK,Thread Group 1-16,text,true,191,1489
1370224676609,1519,/deletelava.php,200,OK,Thread Group 1-15,text,true,191,1519
1370224676647,1587,/deletelava.php,200,OK,Thread Group 1-9,text,true,191,1587
1370224676676,1601,/deletelava.php,200,OK,Thread Group 1-8,text,true,191,1601
1370224676755,1556,/deletelava.php,200,OK,Thread Group 1-17,text,true,191,1556
1370224676711,1651,/deletelava.php,200,OK,Thread Group 1-1,text,true,191,1651
1370224676794,1617,/deletelava.php,200,OK,Thread Group 1-18,text,true,191,1617
1370224676827,1630,/deletelava.php,200,OK,Thread Group 1-10,text,true,191,1630
1370224676873,1620,/deletelava.php,200,OK,Thread Group 1-19,text,true,191,1620
1370224676904,1633,/deletelava.php,200,OK,Thread Group 1-20,text,true,191,1633
1370224677056,1511,/deletelava.php,200,OK,Thread Group 1-4,text,true,191,1511
1370224677141,1458,/deletelava.php,200,OK,Thread Group 1-21,text,true,191,1458
1370224677179,1462,/deletelava.php,200,OK,Thread Group 1-22,text,true,191,1462
1370224677268,1408,/deletelava.php,200,OK,Thread Group 1-5,text,true,191,1408
1370224677332,1378,/deletelava.php,200,OK,Thread Group 1-11,text,true,191,1378
1370224677394,1348,/deletelava.php,200,OK,Thread Group 1-6,text,true,191,1348
1370224677509,1260,/deletelava.php,200,OK,Thread Group 1-12,text,true,191,1260
1370224677664,1133,/deletelava.php,200,OK,Thread Group 1-7,text,true,191,1133
1370224677726,1155,/deletelava.php,200,OK,Thread Group 1-13,text,true,191,1155
1370224677858,1025,/deletelava.php,200,OK,Thread Group 1-2,text,true,191,1025
1370224677911,1011,/deletelava.php,200,OK,Thread Group 1-14,text,true,191,1011
1370224678015,937,/deletelava.php,200,OK,Thread Group 1-3,text,true,191,937
1370224678069,917,/deletelava.php,200,OK,Thread Group 1-16,text,true,191,917
1370224678129,883,/deletelava.php,200,OK,Thread Group 1-15,text,true,191,883
1370224678235,814,/deletelava.php,200,OK,Thread Group 1-9,text,true,191,814
1370224678278,822,/deletelava.php,200,OK,Thread Group 1-8,text,true,191,822
1370224678312,814,/deletelava.php,200,OK,Thread Group 1-17,text,true,191,814
1370224678363,795,/deletelava.php,200,OK,Thread Group 1-1,text,true,191,795
1370224678413,785,/deletelava.php,200,OK,Thread Group 1-18,text,true,191,785
1370224678459,777,/deletelava.php,200,OK,Thread Group 1-10,text,true,191,777
1370224678495,768,/deletelava.php,200,OK,Thread Group 1-19,text,true,191,768
1370224678539,792,/deletelava.php,200,OK,Thread Group 1-20,text,true,191,792
1370224678569,876,/deletelava.php,200,OK,Thread Group 1-4,text,true,191,876
1370224678601,947,/deletelava.php,200,OK,Thread Group 1-21,text,true,191,947
1370224678643,1031,/deletelava.php,200,OK,Thread Group 1-22,text,true,191,1031
1370224678678,1034,/deletelava.php,200,OK,Thread Group 1-5,text,true,191,1034
1370224678712,1030,/deletelava.php,200,OK,Thread Group 1-11,text,true,191,1030
1370224678745,1071,/deletelava.php,200,OK,Thread Group 1-6,text,true,191,1071
1370224678771,1080,/deletelava.php,200,OK,Thread Group 1-12,text,true,191,1080
1370224678799,1084,/deletelava.php,200,OK,Thread Group 1-7,text,true,191,1084
1370224678885,1056,/deletelava.php,200,OK,Thread Group 1-2,text,true,191,1056
1370224678883,1102,/deletelava.php,200,OK,Thread Group 1-13,text,true,191,1102
1370224678924,1098,/deletelava.php,200,OK,Thread Group 1-14,text,true,191,1098
1370224678954,1106,/deletelava.php,200,OK,Thread Group 1-3,text,true,191,1106
1370224678988,1112,/deletelava.php,200,OK,Thread Group 1-16,text,true,191,1112
1370224679014,1113,/deletelava.php,200,OK,Thread Group 1-15,text,true,191,1113
1370224679050,1114,/deletelava.php,200,OK,Thread Group 1-9,text,true,191,1114
1370224679102,1116,/deletelava.php,200,OK,Thread Group 1-8,text,true,191,1116
1370224679128,1248,/deletelava.php,200,OK,Thread Group 1-17,text,true,191,1248
1370224679160,1255,/deletelava.php,200,OK,Thread Group 1-1,text,true,191,1255
1370224679199,1253,/deletelava.php,200,OK,Thread Group 1-18,text,true,191,1253
1370224679237,1252,/deletelava.php,200,OK,Thread Group 1-10,text,true,191,1252
1370224679264,1261,/deletelava.php,200,OK,Thread Group 1-19,text,true,191,1261
1370224679333,1249,/deletelava.php,200,OK,Thread Group 1-20,text,true,191,1249
1370224679446,1183,/deletelava.php,200,OK,Thread Group 1-4,text,true,191,1183
1370224679549,1113,/deletelava.php,200,OK,Thread Group 1-21,text,true,191,1113
1370224679677,1121,/deletelava.php,200,OK,Thread Group 1-22,text,true,191,1121
1370224679714,1122,/deletelava.php,200,OK,Thread Group 1-5,text,true,191,1122
1370224679745,1138,/deletelava.php,200,OK,Thread Group 1-11,text,true,191,1138
1370224679818,1111,/deletelava.php,200,OK,Thread Group 1-6,text,true,191,1111
1370224679852,1131,/deletelava.php,200,OK,Thread Group 1-12,text,true,191,1131
1370224679884,1257,/deletelava.php,200,OK,Thread Group 1-7,text,true,191,1257
1370224679943,1244,/deletelava.php,200,OK,Thread Group 1-2,text,true,191,1244
1370224679986,1256,/deletelava.php,200,OK,Thread Group 1-13,text,true,191,1256
1370224680024,1333,/deletelava.php,200,OK,Thread Group 1-14,text,true,191,1333
1370224680062,1333,/deletelava.php,200,OK,Thread Group 1-3,text,true,191,1333
1370224680128,1307,/deletelava.php,200,OK,Thread Group 1-15,text,true,191,1307
1370224680102,1381,/deletelava.php,200,OK,Thread Group 1-16,text,true,191,1381
1370224680165,1366,/deletelava.php,200,OK,Thread Group 1-9,text,true,191,1366
1370224680220,1425,/deletelava.php,200,OK,Thread Group 1-8,text,true,191,1425
1370224680378,1302,/deletelava.php,200,OK,Thread Group 1-17,text,true,191,1302
1370224680416,1305,/deletelava.php,200,OK,Thread Group 1-1,text,true,191,1305
1370224680453,1311,/deletelava.php,200,OK,Thread Group 1-18,text,true,191,1311
1370224680490,1307,/deletelava.php,200,OK,Thread Group 1-10,text,true,191,1307
1370224680527,1303,/deletelava.php,200,OK,Thread Group 1-19,text,true,191,1303
1370224680583,1280,/deletelava.php,200,OK,Thread Group 1-20,text,true,191,1280
1370224680630,1283,/deletelava.php,200,OK,Thread Group 1-4,text,true,191,1283
1370224680664,1299,/deletelava.php,200,OK,Thread Group 1-21,text,true,191,1299
1370224680800,1213,/deletelava.php,200,OK,Thread Group 1-22,text,true,191,1213
1370224680838,1309,/deletelava.php,200,OK,Thread Group 1-5,text,true,191,1309
1370224680884,1310,/deletelava.php,200,OK,Thread Group 1-11,text,true,191,1310
1370224680930,1316,/deletelava.php,200,OK,Thread Group 1-6,text,true,191,1316
1370224680985,1299,/deletelava.php,200,OK,Thread Group 1-12,text,true,191,1299
1370224681144,1291,/deletelava.php,200,OK,Thread Group 1-7,text,true,191,1291
1370224681190,1291,/deletelava.php,200,OK,Thread Group 1-2,text,true,191,1291
1370224681245,1269,/deletelava.php,200,OK,Thread Group 1-13,text,true,191,1269
1370224681360,1193,/deletelava.php,200,OK,Thread Group 1-14,text,true,191,1193
1370224681397,1279,/deletelava.php,200,OK,Thread Group 1-3,text,true,191,1279
1370224681437,1280,/deletelava.php,200,OK,Thread Group 1-15,text,true,191,1280
1370224681486,1267,/deletelava.php,200,OK,Thread Group 1-16,text,true,191,1267
1370224681534,1349,/deletelava.php,200,OK,Thread Group 1-9,text,true,191,1349
1370224681648,1258,/deletelava.php,200,OK,Thread Group 1-8,text,true,191,1258
1370224681683,1253,/deletelava.php,200,OK,Thread Group 1-17,text,true,191,1253
1370224681724,1251,/deletelava.php,200,OK,Thread Group 1-1,text,true,191,1251
1370224681766,1249,/deletelava.php,200,OK,Thread Group 1-18,text,true,191,1249
1370224681800,1260,/deletelava.php,200,OK,Thread Group 1-10,text,true,191,1260
1370224681832,1365,/deletelava.php,200,OK,Thread Group 1-19,text,true,191,1365
1370224681866,1375,/deletelava.php,200,OK,Thread Group 1-20,text,true,191,1375
1370224681915,1385,/deletelava.php,200,OK,Thread Group 1-4,text,true,191,1385
1370224681966,1380,/deletelava.php,200,OK,Thread Group 1-21,text,true,191,1380
1370224682016,1479,/deletelava.php,200,OK,Thread Group 1-22,text,true,191,1479
1370224682150,1394,/deletelava.php,200,OK,Thread Group 1-5,text,true,191,1394
1370224682196,1450,/deletelava.php,200,OK,Thread Group 1-11,text,true,191,1450
1370224682248,1442,/deletelava.php,200,OK,Thread Group 1-6,text,true,191,1442
1370224682285,1444,/deletelava.php,200,OK,Thread Group 1-12,text,true,191,1444
1370224682436,1337,/deletelava.php,200,OK,Thread Group 1-7,text,true,191,1337
1370224682482,1318,/deletelava.php,200,OK,Thread Group 1-2,text,true,191,1318
1370224682515,1318,/deletelava.php,200,OK,Thread Group 1-13,text,true,191,1318
1370224682554,1374,/deletelava.php,200,OK,Thread Group 1-14,text,true,191,1374
1370224682678,1295,/deletelava.php,200,OK,Thread Group 1-3,text,true,191,1295
1370224682718,1302,/deletelava.php,200,OK,Thread Group 1-15,text,true,191,1302
1370224682754,1320,/deletelava.php,200,OK,Thread Group 1-16,text,true,191,1320
1370224682884,1228,/deletelava.php,200,OK,Thread Group 1-9,text,true,191,1228
1370224682907,1378,/deletelava.php,200,OK,Thread Group 1-8,text,true,191,1378
1370224682937,1404,/deletelava.php,200,OK,Thread Group 1-17,text,true,191,1404
1370224682976,1435,/deletelava.php,200,OK,Thread Group 1-1,text,true,191,1435
1370224683017,1509,/deletelava.php,200,OK,Thread Group 1-18,text,true,191,1509
1370224683062,1524,/deletelava.php,200,OK,Thread Group 1-10,text,true,191,1524
1370224683198,1534,/deletelava.php,200,OK,Thread Group 1-19,text,true,191,1534
1370224683243,1516,/deletelava.php,200,OK,Thread Group 1-20,text,true,191,1516
1370224683302,1496,/deletelava.php,200,OK,Thread Group 1-4,text,true,191,1496
1370224683348,1481,/deletelava.php,200,OK,Thread Group 1-21,text,true,191,1481
1370224683499,1359,/deletelava.php,200,OK,Thread Group 1-22,text,true,191,1359
1370224683547,1340,/deletelava.php,200,OK,Thread Group 1-5,text,true,191,1340
1370224683649,1272,/deletelava.php,200,OK,Thread Group 1-11,text,true,191,1272
1370224683693,1262,/deletelava.php,200,OK,Thread Group 1-6,text,true,191,1262
1370224683732,1261,/deletelava.php,200,OK,Thread Group 1-12,text,true,191,1261
1370224683777,1249,/deletelava.php,200,OK,Thread Group 1-7,text,true,191,1249
1370224683802,1260,/deletelava.php,200,OK,Thread Group 1-2,text,true,191,1260
1370224683836,1268,/deletelava.php,200,OK,Thread Group 1-13,text,true,191,1268
1370224683931,1195,/deletelava.php,200,OK,Thread Group 1-14,text,true,191,1195
1370224683976,1181,/deletelava.php,200,OK,Thread Group 1-3,text,true,191,1181
1370224684023,1166,/deletelava.php,200,OK,Thread Group 1-15,text,true,191,1166
1370224684077,1143,/deletelava.php,200,OK,Thread Group 1-16,text,true,191,1143
1370224684116,1136,/deletelava.php,200,OK,Thread Group 1-9,text,true,191,1136
1370224684288,994,/deletelava.php,200,OK,Thread Group 1-8,text,true,191,994
1370224684344,972,/deletelava.php,200,OK,Thread Group 1-17,text,true,191,972
1370224684414,941,/deletelava.php,200,OK,Thread Group 1-1,text,true,191,941
1370224684589,810,/deletelava.php,200,OK,Thread Group 1-10,text,true,191,810
1370224684529,1074,/deletelava.php,200,OK,Thread Group 1-18,text,true,191,1074
1370224684735,1022,/deletelava.php,200,OK,Thread Group 1-19,text,true,191,1022
1370224684762,1028,/deletelava.php,200,OK,Thread Group 1-20,text,true,191,1028
1370224684801,1021,/deletelava.php,200,OK,Thread Group 1-4,text,true,191,1021
1370224684832,1023,/deletelava.php,200,OK,Thread Group 1-21,text,true,191,1023
1370224684861,1033,/deletelava.php,200,OK,Thread Group 1-22,text,true,191,1033
1370224684890,1036,/deletelava.php,200,OK,Thread Group 1-5,text,true,191,1036
1370224684924,1027,/deletelava.php,200,OK,Thread Group 1-11,text,true,191,1027
1370224684958,1022,/deletelava.php,200,OK,Thread Group 1-6,text,true,191,1022
1370224684996,1017,/deletelava.php,200,OK,Thread Group 1-12,text,true,191,1017
1370224685029,1015,/deletelava.php,200,OK,Thread Group 1-7,text,true,191,1015
1370224685106,967,/deletelava.php,200,OK,Thread Group 1-13,text,true,191,967
1370224685129,983,/deletelava.php,200,OK,Thread Group 1-14,text,true,191,983
1370224685192,946,/deletelava.php,200,OK,Thread Group 1-15,text,true,191,946
1370224685223,943,/deletelava.php,200,OK,Thread Group 1-16,text,true,191,943
1370224685255,938,/deletelava.php,200,OK,Thread Group 1-9,text,true,191,938
1370224685285,938,/deletelava.php,200,OK,Thread Group 1-8,text,true,191,938
1370224685320,942,/deletelava.php,200,OK,Thread Group 1-17,text,true,191,942
1370224685402,893,/deletelava.php,200,OK,Thread Group 1-10,text,true,191,893
1370224685606,725,/deletelava.php,200,OK,Thread Group 1-18,text,true,191,725
1370224685760,601,/deletelava.php,200,OK,Thread Group 1-19,text,true,191,601
1370224685793,600,/deletelava.php,200,OK,Thread Group 1-20,text,true,191,600
1370224685858,564,/deletelava.php,200,OK,Thread Group 1-21,text,true,191,564
1370224685896,584,/deletelava.php,200,OK,Thread Group 1-22,text,true,191,584
1370224686017,564,/deletelava.php,200,OK,Thread Group 1-12,text,true,191,564
1370224685955,667,/deletelava.php,200,OK,Thread Group 1-11,text,true,191,667
1370224686077,577,/deletelava.php,200,OK,Thread Group 1-13,text,true,191,577
1370224686115,618,/deletelava.php,200,OK,Thread Group 1-14,text,true,191,618
1370224686141,661,/deletelava.php,200,OK,Thread Group 1-15,text,true,191,661
1370224686169,703,/deletelava.php,200,OK,Thread Group 1-16,text,true,191,703
1370224686266,718,/deletelava.php,200,OK,Thread Group 1-17,text,true,191,718
1370224686335,701,/deletelava.php,200,OK,Thread Group 1-18,text,true,191,701
1370224686364,737,/deletelava.php,200,OK,Thread Group 1-19,text,true,191,737
1370224686396,743,/deletelava.php,200,OK,Thread Group 1-20,text,true,191,743
1370224686425,747,/deletelava.php,200,OK,Thread Group 1-21,text,true,191,747
1370224686483,753,/deletelava.php,200,OK,Thread Group 1-22,text,true,191,753
