1370228908567,702,/got2go.php,200,OK,Thread Group 1-2,text,true,441,702
1370228908586,696,/got2go.php,200,OK,Thread Group 1-4,text,true,441,696
1370228908578,772,/got2go.php,200,OK,Thread Group 1-3,text,true,441,772
1370228908599,865,/got2go.php,200,OK,Thread Group 1-5,text,true,441,865
1370228908558,1035,/got2go.php,200,OK,Thread Group 1-1,text,true,441,1035
1370228908606,1069,/got2go.php,200,OK,Thread Group 1-6,text,true,441,1069
1370228908617,1107,/got2go.php,200,OK,Thread Group 1-7,text,true,441,1107
1370228908637,1257,/got2go.php,200,OK,Thread Group 1-9,text,true,441,1257
1370228908648,1288,/got2go.php,200,OK,Thread Group 1-10,text,true,441,1288
1370228908668,1309,/got2go.php,200,OK,Thread Group 1-12,text,true,441,1309
1370228908679,1340,/got2go.php,200,OK,Thread Group 1-13,text,true,441,1340
1370228908658,1432,/got2go.php,200,OK,Thread Group 1-11,text,true,441,1432
1370228908689,1435,/got2go.php,200,OK,Thread Group 1-14,text,true,441,1435
1370228908627,1632,/got2go.php,200,OK,Thread Group 1-8,text,true,441,1632
1370228908709,1607,/got2go.php,200,OK,Thread Group 1-16,text,true,441,1607
1370228908698,1660,/got2go.php,200,OK,Thread Group 1-15,text,true,441,1660
1370228908720,1767,/got2go.php,200,OK,Thread Group 1-17,text,true,441,1767
1370228908729,1849,/got2go.php,200,OK,Thread Group 1-18,text,true,441,1849
1370228908740,1866,/got2go.php,200,OK,Thread Group 1-19,text,true,441,1866
1370228908749,1894,/got2go.php,200,OK,Thread Group 1-20,text,true,441,1894
1370228908759,1924,/got2go.php,200,OK,Thread Group 1-21,text,true,441,1924
1370228908791,1923,/got2go.php,200,OK,Thread Group 1-24,text,true,441,1923
1370228908780,1962,/got2go.php,200,OK,Thread Group 1-23,text,true,441,1962
1370228908769,2008,/got2go.php,200,OK,Thread Group 1-22,text,true,441,2008
1370228909270,1547,/got2go.php,200,OK,Thread Group 1-2,text,true,441,1547
1370228908821,2106,/got2go.php,200,OK,Thread Group 1-27,text,true,441,2106
1370228908810,2198,/got2go.php,200,OK,Thread Group 1-26,text,true,441,2198
1370228908801,2265,/got2go.php,200,OK,Thread Group 1-25,text,true,441,2265
1370228908830,2312,/got2go.php,200,OK,Thread Group 1-28,text,true,441,2312
1370228909283,1900,/got2go.php,200,OK,Thread Group 1-4,text,true,441,1900
1370228908861,2355,/got2go.php,200,OK,Thread Group 1-31,text,true,441,2355
1370228908852,2417,/got2go.php,200,OK,Thread Group 1-30,text,true,441,2417
1370228908843,2490,/got2go.php,200,OK,Thread Group 1-29,text,true,441,2490
1370228908872,2619,/got2go.php,200,OK,Thread Group 1-32,text,true,441,2619
1370228908883,2649,/got2go.php,200,OK,Thread Group 1-33,text,true,441,2649
1370228908902,2669,/got2go.php,200,OK,Thread Group 1-35,text,true,441,2669
1370228908891,2818,/got2go.php,200,OK,Thread Group 1-34,text,true,441,2818
1370228908913,2843,/got2go.php,200,OK,Thread Group 1-36,text,true,441,2843
1370228908944,2896,/got2go.php,200,OK,Thread Group 1-39,text,true,441,2896
1370228908954,3006,/got2go.php,200,OK,Thread Group 1-40,text,true,441,3006
1370228908933,3065,/got2go.php,200,OK,Thread Group 1-38,text,true,441,3065
1370228908984,3052,/got2go.php,200,OK,Thread Group 1-43,text,true,441,3052
1370228908923,3231,/got2go.php,200,OK,Thread Group 1-37,text,true,441,3231
1370228908995,3172,/got2go.php,200,OK,Thread Group 1-44,text,true,441,3172
1370228908974,3241,/got2go.php,200,OK,Thread Group 1-42,text,true,441,3241
1370228909025,3284,/got2go.php,200,OK,Thread Group 1-47,text,true,441,3284
1370228909008,3310,/got2go.php,200,OK,Thread Group 1-45,text,true,441,3310
1370228909015,3392,/got2go.php,200,OK,Thread Group 1-46,text,true,441,3392
1370228909351,3202,/got2go.php,200,OK,Thread Group 1-3,text,true,441,3202
1370228909033,3828,/got2go.php,200,OK,Thread Group 1-48,text,true,441,3828
1370228909064,3828,/got2go.php,200,OK,Thread Group 1-51,text,true,441,3828
1370228908963,3960,/got2go.php,200,OK,Thread Group 1-41,text,true,441,3960
1370228909076,3943,/got2go.php,200,OK,Thread Group 1-52,text,true,441,3943
1370228909055,4013,/got2go.php,200,OK,Thread Group 1-50,text,true,441,4013
1370228909119,4101,/got2go.php,200,OK,Thread Group 1-56,text,true,441,4101
1370228909086,4214,/got2go.php,200,OK,Thread Group 1-53,text,true,441,4214
1370228909146,4321,/got2go.php,200,OK,Thread Group 1-59,text,true,441,4321
1370228909107,4590,/got2go.php,200,OK,Thread Group 1-55,text,true,441,4590
1370228909126,4584,/got2go.php,200,OK,Thread Group 1-57,text,true,441,4584
1370228909095,4660,/got2go.php,200,OK,Thread Group 1-54,text,true,441,4660
1370228909044,4730,/got2go.php,200,OK,Thread Group 1-49,text,true,441,4730
1370228909138,4646,/got2go.php,200,OK,Thread Group 1-58,text,true,441,4646
1370228909166,4733,/got2go.php,200,OK,Thread Group 1-61,text,true,441,4733
1370228909178,4780,/got2go.php,200,OK,Thread Group 1-62,text,true,441,4780
1370228909196,4795,/got2go.php,200,OK,Thread Group 1-64,text,true,441,4795
1370228909228,4763,/got2go.php,200,OK,Thread Group 1-67,text,true,441,4763
1370228909187,5119,/got2go.php,200,OK,Thread Group 1-63,text,true,441,5119
1370228909207,5194,/got2go.php,200,OK,Thread Group 1-65,text,true,441,5194
1370228909217,5346,/got2go.php,200,OK,Thread Group 1-66,text,true,441,5346
1370228909156,5469,/got2go.php,200,OK,Thread Group 1-60,text,true,441,5469
1370228909238,5843,/got2go.php,200,OK,Thread Group 1-68,text,true,441,5843
1370228909248,5990,/got2go.php,200,OK,Thread Group 1-69,text,true,441,5990
1370228909258,6043,/got2go.php,200,OK,Thread Group 1-70,text,true,441,6043
1370228909270,6098,/got2go.php,200,OK,Thread Group 1-71,text,true,441,6098
1370228909279,6092,/got2go.php,200,OK,Thread Group 1-72,text,true,441,6092
1370228909288,6099,/got2go.php,200,OK,Thread Group 1-73,text,true,441,6099
1370228909299,6091,/got2go.php,200,OK,Thread Group 1-74,text,true,441,6091
1370228909309,6085,/got2go.php,200,OK,Thread Group 1-75,text,true,441,6085
1370228909319,6131,/got2go.php,200,OK,Thread Group 1-76,text,true,441,6131
1370228909465,5988,/got2go.php,200,OK,Thread Group 1-5,text,true,441,5988
1370228909340,6116,/got2go.php,200,OK,Thread Group 1-78,text,true,441,6116
1370228909350,6115,/got2go.php,200,OK,Thread Group 1-79,text,true,441,6115
1370228909329,6136,/got2go.php,200,OK,Thread Group 1-77,text,true,441,6136
1370228909371,6104,/got2go.php,200,OK,Thread Group 1-81,text,true,441,6104
1370228909381,6101,/got2go.php,200,OK,Thread Group 1-82,text,true,441,6101
1370228909360,6122,/got2go.php,200,OK,Thread Group 1-80,text,true,441,6122
1370228909390,6243,/got2go.php,200,OK,Thread Group 1-83,text,true,441,6243
1370228909411,6409,/got2go.php,200,OK,Thread Group 1-85,text,true,441,6409
1370228909400,6527,/got2go.php,200,OK,Thread Group 1-84,text,true,441,6527
1370228909594,6345,/got2go.php,200,OK,Thread Group 1-1,text,true,441,6345
1370228909420,7052,/got2go.php,200,OK,Thread Group 1-86,text,true,441,7052
1370228909431,7818,/got2go.php,200,OK,Thread Group 1-87,text,true,441,7818
1370228909442,7890,/got2go.php,200,OK,Thread Group 1-88,text,true,441,7890
1370228909461,7930,/got2go.php,200,OK,Thread Group 1-90,text,true,441,7930
1370228909451,8083,/got2go.php,200,OK,Thread Group 1-89,text,true,441,8083
1370228909471,8075,/got2go.php,200,OK,Thread Group 1-91,text,true,441,8075
1370228909502,8044,/got2go.php,200,OK,Thread Group 1-94,text,true,441,8044
1370228909481,8065,/got2go.php,200,OK,Thread Group 1-92,text,true,441,8065
1370228909676,7899,/got2go.php,200,OK,Thread Group 1-6,text,true,441,7899
1370228909532,8043,/got2go.php,200,OK,Thread Group 1-97,text,true,441,8043
1370228909491,8084,/got2go.php,200,OK,Thread Group 1-93,text,true,441,8084
1370228909563,8078,/got2go.php,200,OK,Thread Group 1-100,text,true,441,8078
1370228909512,8190,/got2go.php,200,OK,Thread Group 1-95,text,true,441,8190
1370228909554,8202,/got2go.php,200,OK,Thread Group 1-99,text,true,441,8202
1370228909725,8034,/got2go.php,200,OK,Thread Group 1-7,text,true,441,8034
1370228909542,8236,/got2go.php,200,OK,Thread Group 1-98,text,true,441,8236
1370228909522,8357,/got2go.php,200,OK,Thread Group 1-96,text,true,441,8357
1370228909895,8033,/got2go.php,200,OK,Thread Group 1-9,text,true,441,8033
1370228909937,8108,/got2go.php,200,OK,Thread Group 1-10,text,true,441,8108
1370228909977,8263,/got2go.php,200,OK,Thread Group 1-12,text,true,441,8263
1370228910020,8259,/got2go.php,200,OK,Thread Group 1-13,text,true,441,8259
1370228910091,8210,/got2go.php,200,OK,Thread Group 1-11,text,true,441,8210
1370228910124,8282,/got2go.php,200,OK,Thread Group 1-14,text,true,441,8282
1370228910260,8172,/got2go.php,200,OK,Thread Group 1-8,text,true,441,8172
1370228910317,8464,/got2go.php,200,OK,Thread Group 1-16,text,true,441,8464
1370228910359,8428,/got2go.php,200,OK,Thread Group 1-15,text,true,441,8428
1370228910488,8337,/got2go.php,200,OK,Thread Group 1-17,text,true,441,8337
1370228910579,8256,/got2go.php,200,OK,Thread Group 1-18,text,true,441,8256
1370228910607,8264,/got2go.php,200,OK,Thread Group 1-19,text,true,441,8264
1370228910644,8347,/got2go.php,200,OK,Thread Group 1-20,text,true,441,8347
1370228910684,8381,/got2go.php,200,OK,Thread Group 1-21,text,true,441,8381
1370228910716,8424,/got2go.php,200,OK,Thread Group 1-24,text,true,441,8424
1370228910743,8493,/got2go.php,200,OK,Thread Group 1-23,text,true,441,8493
1370228910779,8755,/got2go.php,200,OK,Thread Group 1-22,text,true,441,8755
1370228910818,8716,/got2go.php,200,OK,Thread Group 1-2,text,true,441,8716
1370228910928,8687,/got2go.php,200,OK,Thread Group 1-27,text,true,441,8687
1370228911009,8681,/got2go.php,200,OK,Thread Group 1-26,text,true,441,8681
1370228911067,8664,/got2go.php,200,OK,Thread Group 1-25,text,true,441,8664
1370228911143,8601,/got2go.php,200,OK,Thread Group 1-28,text,true,441,8601
1370228911183,8846,/got2go.php,200,OK,Thread Group 1-4,text,true,441,8846
1370228911217,8822,/got2go.php,200,OK,Thread Group 1-31,text,true,441,8822
1370228911269,8947,/got2go.php,200,OK,Thread Group 1-30,text,true,441,8947
1370228911333,8970,/got2go.php,200,OK,Thread Group 1-29,text,true,441,8970
1370228911490,8943,/got2go.php,200,OK,Thread Group 1-32,text,true,441,8943
1370228911532,9062,/got2go.php,200,OK,Thread Group 1-33,text,true,441,9062
1370228911571,9154,/got2go.php,200,OK,Thread Group 1-35,text,true,441,9154
1370228911709,9229,/got2go.php,200,OK,Thread Group 1-34,text,true,441,9229
1370228911756,9191,/got2go.php,200,OK,Thread Group 1-36,text,true,441,9191
1370228911840,9211,/got2go.php,200,OK,Thread Group 1-39,text,true,441,9211
1370228911960,9138,/got2go.php,200,OK,Thread Group 1-40,text,true,441,9138
1370228911998,9115,/got2go.php,200,OK,Thread Group 1-38,text,true,441,9115
1370228912036,9176,/got2go.php,200,OK,Thread Group 1-43,text,true,441,9176
1370228912154,9167,/got2go.php,200,OK,Thread Group 1-37,text,true,441,9167
1370228912167,9269,/got2go.php,200,OK,Thread Group 1-44,text,true,441,9269
1370228912214,9258,/got2go.php,200,OK,Thread Group 1-42,text,true,441,9258
1370228912310,9349,/got2go.php,200,OK,Thread Group 1-47,text,true,441,9349
1370228912317,9394,/got2go.php,200,OK,Thread Group 1-45,text,true,441,9394
1370228912407,9333,/got2go.php,200,OK,Thread Group 1-46,text,true,441,9333
1370228912553,9198,/got2go.php,200,OK,Thread Group 1-3,text,true,441,9198
1370228912861,8921,/got2go.php,200,OK,Thread Group 1-48,text,true,441,8921
1370228912892,8959,/got2go.php,200,OK,Thread Group 1-51,text,true,441,8959
1370228912922,8973,/got2go.php,200,OK,Thread Group 1-41,text,true,441,8973
1370228913019,8922,/got2go.php,200,OK,Thread Group 1-52,text,true,441,8922
1370228913068,8896,/got2go.php,200,OK,Thread Group 1-50,text,true,441,8896
1370228913221,8793,/got2go.php,200,OK,Thread Group 1-56,text,true,441,8793
1370228913300,8763,/got2go.php,200,OK,Thread Group 1-53,text,true,441,8763
1370228913467,8845,/got2go.php,200,OK,Thread Group 1-59,text,true,441,8845
1370228913697,8683,/got2go.php,200,OK,Thread Group 1-55,text,true,441,8683
1370228913709,8690,/got2go.php,200,OK,Thread Group 1-57,text,true,441,8690
1370228913755,8680,/got2go.php,200,OK,Thread Group 1-54,text,true,441,8680
1370228913774,8671,/got2go.php,200,OK,Thread Group 1-49,text,true,441,8671
1370228913784,8780,/got2go.php,200,OK,Thread Group 1-58,text,true,441,8780
1370228913898,9049,/got2go.php,200,OK,Thread Group 1-61,text,true,441,9049
1370228913957,9185,/got2go.php,200,OK,Thread Group 1-62,text,true,441,9185
1370228913992,9405,/got2go.php,200,OK,Thread Group 1-64,text,true,441,9405
1370228913992,9449,/got2go.php,200,OK,Thread Group 1-67,text,true,441,9449
1370228914306,9162,/got2go.php,200,OK,Thread Group 1-63,text,true,441,9162
1370228914401,9087,/got2go.php,200,OK,Thread Group 1-65,text,true,441,9087
1370228914562,8956,/got2go.php,200,OK,Thread Group 1-66,text,true,441,8956
1370228914625,8894,/got2go.php,200,OK,Thread Group 1-60,text,true,441,8894
1370228915081,8530,/got2go.php,200,OK,Thread Group 1-68,text,true,441,8530
1370228915238,8714,/got2go.php,200,OK,Thread Group 1-69,text,true,441,8714
1370228915301,8651,/got2go.php,200,OK,Thread Group 1-70,text,true,441,8651
1370228915370,8642,/got2go.php,200,OK,Thread Group 1-72,text,true,441,8642
1370228915368,8687,/got2go.php,200,OK,Thread Group 1-71,text,true,441,8687
1370228915387,8700,/got2go.php,200,OK,Thread Group 1-73,text,true,441,8700
1370228915394,8740,/got2go.php,200,OK,Thread Group 1-75,text,true,441,8740
1370228915390,8773,/got2go.php,200,OK,Thread Group 1-74,text,true,441,8773
1370228915450,8752,/got2go.php,200,OK,Thread Group 1-76,text,true,441,8752
1370228915453,8858,/got2go.php,200,OK,Thread Group 1-5,text,true,441,8858
1370228915456,8885,/got2go.php,200,OK,Thread Group 1-78,text,true,441,8885
1370228915466,8933,/got2go.php,200,OK,Thread Group 1-77,text,true,441,8933
1370228915466,9070,/got2go.php,200,OK,Thread Group 1-79,text,true,441,9070
1370228915475,9099,/got2go.php,200,OK,Thread Group 1-81,text,true,441,9099
1370228915482,9145,/got2go.php,200,OK,Thread Group 1-80,text,true,441,9145
1370228915482,9294,/got2go.php,200,OK,Thread Group 1-82,text,true,441,9294
1370228915633,9212,/got2go.php,200,OK,Thread Group 1-83,text,true,441,9212
1370228915820,9149,/got2go.php,200,OK,Thread Group 1-85,text,true,441,9149
1370228915927,9071,/got2go.php,200,OK,Thread Group 1-84,text,true,441,9071
1370228915939,9084,/got2go.php,200,OK,Thread Group 1-1,text,true,441,9084
1370228916473,8605,/got2go.php,200,OK,Thread Group 1-86,text,true,441,8605
1370228917250,7853,/got2go.php,200,OK,Thread Group 1-87,text,true,441,7853
1370228917333,7818,/got2go.php,200,OK,Thread Group 1-88,text,true,441,7818
1370228917392,7850,/got2go.php,200,OK,Thread Group 1-90,text,true,441,7850
1370228917535,7751,/got2go.php,200,OK,Thread Group 1-89,text,true,441,7751
1370228917548,7885,/got2go.php,200,OK,Thread Group 1-94,text,true,441,7885
1370228917549,7954,/got2go.php,200,OK,Thread Group 1-92,text,true,441,7954
1370228917548,8093,/got2go.php,200,OK,Thread Group 1-91,text,true,441,8093
1370228917577,8109,/got2go.php,200,OK,Thread Group 1-97,text,true,441,8109
1370228917577,8160,/got2go.php,200,OK,Thread Group 1-93,text,true,441,8160
1370228917577,8311,/got2go.php,200,OK,Thread Group 1-6,text,true,441,8311
1370228917641,8267,/got2go.php,200,OK,Thread Group 1-100,text,true,441,8267
1370228917703,8255,/got2go.php,200,OK,Thread Group 1-95,text,true,441,8255
1370228917757,8291,/got2go.php,200,OK,Thread Group 1-99,text,true,441,8291
1370228917760,8558,/got2go.php,200,OK,Thread Group 1-7,text,true,441,8558
1370228917779,8557,/got2go.php,200,OK,Thread Group 1-98,text,true,441,8557
1370228917880,8482,/got2go.php,200,OK,Thread Group 1-96,text,true,441,8482
1370228917929,8523,/got2go.php,200,OK,Thread Group 1-9,text,true,441,8523
1370228918046,8498,/got2go.php,200,OK,Thread Group 1-10,text,true,441,8498
1370228918241,8353,/got2go.php,200,OK,Thread Group 1-12,text,true,441,8353
1370228918281,8373,/got2go.php,200,OK,Thread Group 1-13,text,true,441,8373
1370228918302,8392,/got2go.php,200,OK,Thread Group 1-11,text,true,441,8392
1370228918407,8384,/got2go.php,200,OK,Thread Group 1-14,text,true,441,8384
1370228918433,8403,/got2go.php,200,OK,Thread Group 1-8,text,true,441,8403
1370228918783,8117,/got2go.php,200,OK,Thread Group 1-16,text,true,441,8117
1370228918788,8146,/got2go.php,200,OK,Thread Group 1-15,text,true,441,8146
1370228918827,8206,/got2go.php,200,OK,Thread Group 1-17,text,true,441,8206
1370228918836,8221,/got2go.php,200,OK,Thread Group 1-18,text,true,441,8221
1370228918872,8221,/got2go.php,200,OK,Thread Group 1-19,text,true,441,8221
1370228918991,8143,/got2go.php,200,OK,Thread Group 1-20,text,true,441,8143
1370228919066,8103,/got2go.php,200,OK,Thread Group 1-21,text,true,441,8103
1370228919141,8079,/got2go.php,200,OK,Thread Group 1-24,text,true,441,8079
1370228919237,8032,/got2go.php,200,OK,Thread Group 1-23,text,true,441,8032
1370228919535,7781,/got2go.php,200,OK,Thread Group 1-22,text,true,441,7781
1370228919535,7897,/got2go.php,200,OK,Thread Group 1-2,text,true,441,7897
1370228919615,7870,/got2go.php,200,OK,Thread Group 1-27,text,true,441,7870
1370228919691,7806,/got2go.php,200,OK,Thread Group 1-26,text,true,441,7806
1370228919732,7795,/got2go.php,200,OK,Thread Group 1-25,text,true,441,7795
1370228919744,7814,/got2go.php,200,OK,Thread Group 1-28,text,true,441,7814
1370228920030,7567,/got2go.php,200,OK,Thread Group 1-4,text,true,441,7567
1370228920040,7607,/got2go.php,200,OK,Thread Group 1-31,text,true,441,7607
1370228920217,7492,/got2go.php,200,OK,Thread Group 1-30,text,true,441,7492
1370228920305,7482,/got2go.php,200,OK,Thread Group 1-29,text,true,441,7482
1370228920435,7473,/got2go.php,200,OK,Thread Group 1-32,text,true,441,7473
1370228920596,7342,/got2go.php,200,OK,Thread Group 1-33,text,true,441,7342
1370228920727,7238,/got2go.php,200,OK,Thread Group 1-35,text,true,441,7238
1370228920940,7059,/got2go.php,200,OK,Thread Group 1-34,text,true,441,7059
1370228920949,7090,/got2go.php,200,OK,Thread Group 1-36,text,true,441,7090
1370228921053,7029,/got2go.php,200,OK,Thread Group 1-39,text,true,441,7029
1370228921100,7031,/got2go.php,200,OK,Thread Group 1-40,text,true,441,7031
1370228921115,7049,/got2go.php,200,OK,Thread Group 1-38,text,true,441,7049
1370228921214,7001,/got2go.php,200,OK,Thread Group 1-43,text,true,441,7001
1370228921323,6970,/got2go.php,200,OK,Thread Group 1-37,text,true,441,6970
1370228921438,6869,/got2go.php,200,OK,Thread Group 1-44,text,true,441,6869
1370228921474,6899,/got2go.php,200,OK,Thread Group 1-42,text,true,441,6899
1370228921660,6842,/got2go.php,200,OK,Thread Group 1-47,text,true,441,6842
1370228921713,6827,/got2go.php,200,OK,Thread Group 1-45,text,true,441,6827
1370228921742,6930,/got2go.php,200,OK,Thread Group 1-46,text,true,441,6930
1370228921753,6959,/got2go.php,200,OK,Thread Group 1-3,text,true,441,6959
1370228921784,6986,/got2go.php,200,OK,Thread Group 1-48,text,true,441,6986
1370228921854,6940,/got2go.php,200,OK,Thread Group 1-51,text,true,441,6940
1370228921897,6936,/got2go.php,200,OK,Thread Group 1-41,text,true,441,6936
1370228921943,7038,/got2go.php,200,OK,Thread Group 1-52,text,true,441,7038
1370228921966,7112,/got2go.php,200,OK,Thread Group 1-50,text,true,441,7112
1370228922016,7142,/got2go.php,200,OK,Thread Group 1-56,text,true,441,7142
1370228922065,7131,/got2go.php,200,OK,Thread Group 1-53,text,true,441,7131
1370228922314,6930,/got2go.php,200,OK,Thread Group 1-59,text,true,441,6930
1370228922382,6902,/got2go.php,200,OK,Thread Group 1-55,text,true,441,6902
1370228922401,7017,/got2go.php,200,OK,Thread Group 1-57,text,true,441,7017
1370228922437,7058,/got2go.php,200,OK,Thread Group 1-54,text,true,441,7058
1370228922446,7065,/got2go.php,200,OK,Thread Group 1-49,text,true,441,7065
1370228922566,6996,/got2go.php,200,OK,Thread Group 1-58,text,true,441,6996
1370228922949,6738,/got2go.php,200,OK,Thread Group 1-61,text,true,441,6738
1370228923144,6557,/got2go.php,200,OK,Thread Group 1-62,text,true,441,6557
1370228923398,6333,/got2go.php,200,OK,Thread Group 1-64,text,true,441,6333
1370228923443,6327,/got2go.php,200,OK,Thread Group 1-67,text,true,441,6327
1370228923470,6329,/got2go.php,200,OK,Thread Group 1-63,text,true,441,6329
1370228923490,6345,/got2go.php,200,OK,Thread Group 1-65,text,true,441,6345
1370228923521,6348,/got2go.php,200,OK,Thread Group 1-60,text,true,441,6348
1370228923520,6391,/got2go.php,200,OK,Thread Group 1-66,text,true,441,6391
1370228923613,6323,/got2go.php,200,OK,Thread Group 1-68,text,true,441,6323
1370228923954,6018,/got2go.php,200,OK,Thread Group 1-70,text,true,441,6018
1370228923954,6062,/got2go.php,200,OK,Thread Group 1-69,text,true,441,6062
1370228924014,6065,/got2go.php,200,OK,Thread Group 1-72,text,true,441,6065
1370228924057,6097,/got2go.php,200,OK,Thread Group 1-71,text,true,441,6097
1370228924089,6185,/got2go.php,200,OK,Thread Group 1-73,text,true,441,6185
1370228924136,6192,/got2go.php,200,OK,Thread Group 1-75,text,true,441,6192
1370228924165,6197,/got2go.php,200,OK,Thread Group 1-74,text,true,441,6197
1370228924204,6217,/got2go.php,200,OK,Thread Group 1-76,text,true,441,6217
1370228924313,6166,/got2go.php,200,OK,Thread Group 1-5,text,true,441,6166
1370228924343,6274,/got2go.php,200,OK,Thread Group 1-78,text,true,441,6274
1370228924538,6318,/got2go.php,200,OK,Thread Group 1-79,text,true,441,6318
1370228924401,6455,/got2go.php,200,OK,Thread Group 1-77,text,true,441,6455
1370228924576,6399,/got2go.php,200,OK,Thread Group 1-81,text,true,441,6399
1370228924629,6391,/got2go.php,200,OK,Thread Group 1-80,text,true,441,6391
1370228924778,6300,/got2go.php,200,OK,Thread Group 1-82,text,true,441,6300
1370228924847,6338,/got2go.php,200,OK,Thread Group 1-83,text,true,441,6338
1370228924971,6287,/got2go.php,200,OK,Thread Group 1-85,text,true,441,6287
1370228925000,6304,/got2go.php,200,OK,Thread Group 1-84,text,true,441,6304
1370228925025,6306,/got2go.php,200,OK,Thread Group 1-1,text,true,441,6306
1370228925079,6356,/got2go.php,200,OK,Thread Group 1-86,text,true,441,6356
1370228925104,6391,/got2go.php,200,OK,Thread Group 1-87,text,true,441,6391
1370228925152,6498,/got2go.php,200,OK,Thread Group 1-88,text,true,441,6498
1370228925243,6457,/got2go.php,200,OK,Thread Group 1-90,text,true,441,6457
1370228925433,6496,/got2go.php,200,OK,Thread Group 1-94,text,true,441,6496
1370228925287,6642,/got2go.php,200,OK,Thread Group 1-89,text,true,441,6642
1370228925503,6426,/got2go.php,200,OK,Thread Group 1-92,text,true,441,6426
1370228925642,6322,/got2go.php,200,OK,Thread Group 1-91,text,true,441,6322
1370228925686,6363,/got2go.php,200,OK,Thread Group 1-97,text,true,441,6363
1370228925738,6379,/got2go.php,200,OK,Thread Group 1-93,text,true,441,6379
1370228925890,6283,/got2go.php,200,OK,Thread Group 1-6,text,true,441,6283
1370228925909,6421,/got2go.php,200,OK,Thread Group 1-100,text,true,441,6421
1370228925959,6410,/got2go.php,200,OK,Thread Group 1-95,text,true,441,6410
1370228926049,6364,/got2go.php,200,OK,Thread Group 1-99,text,true,441,6364
1370228926319,6158,/got2go.php,200,OK,Thread Group 1-7,text,true,441,6158
1370228926336,6151,/got2go.php,200,OK,Thread Group 1-98,text,true,441,6151
1370228926452,6198,/got2go.php,200,OK,Thread Group 1-9,text,true,441,6198
1370228926361,6289,/got2go.php,200,OK,Thread Group 1-96,text,true,441,6289
1370228926543,6120,/got2go.php,200,OK,Thread Group 1-10,text,true,441,6120
1370228926594,6099,/got2go.php,200,OK,Thread Group 1-12,text,true,441,6099
1370228926655,6091,/got2go.php,200,OK,Thread Group 1-13,text,true,441,6091
1370228926694,6096,/got2go.php,200,OK,Thread Group 1-11,text,true,441,6096
1370228926792,6102,/got2go.php,200,OK,Thread Group 1-14,text,true,441,6102
1370228926835,6100,/got2go.php,200,OK,Thread Group 1-8,text,true,441,6100
1370228926899,6069,/got2go.php,200,OK,Thread Group 1-16,text,true,441,6069
1370228926934,6081,/got2go.php,200,OK,Thread Group 1-15,text,true,441,6081
1370228927033,6020,/got2go.php,200,OK,Thread Group 1-17,text,true,441,6020
1370228927057,6034,/got2go.php,200,OK,Thread Group 1-18,text,true,441,6034
1370228927093,6026,/got2go.php,200,OK,Thread Group 1-19,text,true,441,6026
1370228927134,6020,/got2go.php,200,OK,Thread Group 1-20,text,true,441,6020
1370228927169,6025,/got2go.php,200,OK,Thread Group 1-21,text,true,441,6025
1370228927220,6017,/got2go.php,200,OK,Thread Group 1-24,text,true,441,6017
1370228927269,5991,/got2go.php,200,OK,Thread Group 1-23,text,true,441,5991
1370228927316,5987,/got2go.php,200,OK,Thread Group 1-22,text,true,441,5987
1370228927431,5922,/got2go.php,200,OK,Thread Group 1-2,text,true,441,5922
1370228927485,5899,/got2go.php,200,OK,Thread Group 1-27,text,true,441,5899
1370228927496,5935,/got2go.php,200,OK,Thread Group 1-26,text,true,441,5935
1370228927527,5999,/got2go.php,200,OK,Thread Group 1-25,text,true,441,5999
1370228927596,6019,/got2go.php,200,OK,Thread Group 1-4,text,true,441,6019
1370228927647,6036,/got2go.php,200,OK,Thread Group 1-31,text,true,441,6036
1370228927787,5939,/got2go.php,200,OK,Thread Group 1-29,text,true,441,5939
1370228927709,6017,/got2go.php,200,OK,Thread Group 1-30,text,true,441,6017
1370228927908,5905,/got2go.php,200,OK,Thread Group 1-32,text,true,441,5905
1370228927558,6281,/got2go.php,200,OK,Thread Group 1-28,text,true,441,6281
1370228927938,5941,/got2go.php,200,OK,Thread Group 1-33,text,true,441,5941
1370228927965,6018,/got2go.php,200,OK,Thread Group 1-35,text,true,441,6018
1370228927999,6048,/got2go.php,200,OK,Thread Group 1-34,text,true,441,6048
1370228928039,6038,/got2go.php,200,OK,Thread Group 1-36,text,true,441,6038
1370228928082,6024,/got2go.php,200,OK,Thread Group 1-39,text,true,441,6024
1370228928131,6010,/got2go.php,200,OK,Thread Group 1-40,text,true,441,6010
1370228928164,6019,/got2go.php,200,OK,Thread Group 1-38,text,true,441,6019
1370228928215,6013,/got2go.php,200,OK,Thread Group 1-43,text,true,441,6013
1370228928293,5965,/got2go.php,200,OK,Thread Group 1-37,text,true,441,5965
1370228928307,6072,/got2go.php,200,OK,Thread Group 1-44,text,true,441,6072
1370228928373,6043,/got2go.php,200,OK,Thread Group 1-42,text,true,441,6043
1370228928502,5957,/got2go.php,200,OK,Thread Group 1-47,text,true,441,5957
1370228928540,5953,/got2go.php,200,OK,Thread Group 1-45,text,true,441,5953
1370228928672,5916,/got2go.php,200,OK,Thread Group 1-46,text,true,441,5916
1370228928712,5970,/got2go.php,200,OK,Thread Group 1-3,text,true,441,5970
1370228928770,5998,/got2go.php,200,OK,Thread Group 1-48,text,true,441,5998
1370228928794,6075,/got2go.php,200,OK,Thread Group 1-51,text,true,441,6075
1370228928833,6108,/got2go.php,200,OK,Thread Group 1-41,text,true,441,6108
1370228928981,5960,/got2go.php,200,OK,Thread Group 1-52,text,true,441,5960
1370228929078,5922,/got2go.php,200,OK,Thread Group 1-50,text,true,441,5922
1370228929158,5987,/got2go.php,200,OK,Thread Group 1-56,text,true,441,5987
1370228929196,5949,/got2go.php,200,OK,Thread Group 1-53,text,true,441,5949
1370228929244,5943,/got2go.php,200,OK,Thread Group 1-59,text,true,441,5943
1370228929284,6033,/got2go.php,200,OK,Thread Group 1-55,text,true,441,6033
1370228929417,5955,/got2go.php,200,OK,Thread Group 1-57,text,true,441,5955
1370228929495,5915,/got2go.php,200,OK,Thread Group 1-54,text,true,441,5915
1370228929511,5935,/got2go.php,200,OK,Thread Group 1-49,text,true,441,5935
1370228929562,5945,/got2go.php,200,OK,Thread Group 1-58,text,true,441,5945
1370228929687,5871,/got2go.php,200,OK,Thread Group 1-61,text,true,441,5871
1370228929701,5883,/got2go.php,200,OK,Thread Group 1-62,text,true,441,5883
1370228929731,5876,/got2go.php,200,OK,Thread Group 1-64,text,true,441,5876
1370228929769,6003,/got2go.php,200,OK,Thread Group 1-67,text,true,441,6003
1370228929799,6008,/got2go.php,200,OK,Thread Group 1-63,text,true,441,6008
1370228929834,6014,/got2go.php,200,OK,Thread Group 1-65,text,true,441,6013
1370228929869,6011,/got2go.php,200,OK,Thread Group 1-60,text,true,441,6011
1370228929911,6002,/got2go.php,200,OK,Thread Group 1-66,text,true,441,6002
1370228929937,6073,/got2go.php,200,OK,Thread Group 1-68,text,true,441,6073
1370228929972,6080,/got2go.php,200,OK,Thread Group 1-70,text,true,441,6080
1370228930015,6071,/got2go.php,200,OK,Thread Group 1-69,text,true,441,6071
1370228930079,6060,/got2go.php,200,OK,Thread Group 1-72,text,true,441,6060
1370228930154,6113,/got2go.php,200,OK,Thread Group 1-71,text,true,441,6113
1370228930274,6029,/got2go.php,200,OK,Thread Group 1-73,text,true,441,6029
1370228930328,6021,/got2go.php,200,OK,Thread Group 1-75,text,true,441,6021
1370228930362,6081,/got2go.php,200,OK,Thread Group 1-74,text,true,441,6081
1370228930422,6029,/got2go.php,200,OK,Thread Group 1-76,text,true,441,6029
1370228930479,5999,/got2go.php,200,OK,Thread Group 1-5,text,true,441,5999
1370228930617,5948,/got2go.php,200,OK,Thread Group 1-78,text,true,441,5948
1370228930856,5713,/got2go.php,200,OK,Thread Group 1-79,text,true,441,5713
1370228930857,5785,/got2go.php,200,OK,Thread Group 1-77,text,true,441,5785
1370228930975,5777,/got2go.php,200,OK,Thread Group 1-81,text,true,441,5777
1370228931020,5794,/got2go.php,200,OK,Thread Group 1-80,text,true,441,5794
1370228931078,5771,/got2go.php,200,OK,Thread Group 1-82,text,true,441,5771
1370228931185,5696,/got2go.php,200,OK,Thread Group 1-83,text,true,441,5696
1370228931305,5640,/got2go.php,200,OK,Thread Group 1-84,text,true,441,5640
1370228931332,5648,/got2go.php,200,OK,Thread Group 1-1,text,true,441,5648
1370228931436,5582,/got2go.php,200,OK,Thread Group 1-86,text,true,441,5582
1370228931497,5585,/got2go.php,200,OK,Thread Group 1-87,text,true,441,5585
1370228931651,5548,/got2go.php,200,OK,Thread Group 1-88,text,true,441,5548
1370228931258,5975,/got2go.php,200,OK,Thread Group 1-85,text,true,441,5975
1370228931701,5586,/got2go.php,200,OK,Thread Group 1-90,text,true,441,5586
1370228931931,5479,/got2go.php,200,OK,Thread Group 1-89,text,true,441,5479
1370228931931,5541,/got2go.php,200,OK,Thread Group 1-92,text,true,441,5541
1370228931931,5590,/got2go.php,200,OK,Thread Group 1-94,text,true,441,5590
1370228931965,5723,/got2go.php,200,OK,Thread Group 1-91,text,true,441,5723
1370228932049,5705,/got2go.php,200,OK,Thread Group 1-97,text,true,441,5705
1370228932118,5809,/got2go.php,200,OK,Thread Group 1-93,text,true,441,5809
1370228932174,5781,/got2go.php,200,OK,Thread Group 1-6,text,true,441,5781
1370228932331,5793,/got2go.php,200,OK,Thread Group 1-100,text,true,441,5793
1370228932369,5798,/got2go.php,200,OK,Thread Group 1-95,text,true,441,5798
1370228932414,5814,/got2go.php,200,OK,Thread Group 1-99,text,true,441,5814
1370228932489,5778,/got2go.php,200,OK,Thread Group 1-98,text,true,441,5778
1370228932479,5834,/got2go.php,200,OK,Thread Group 1-7,text,true,441,5834
1370228932653,5709,/got2go.php,200,OK,Thread Group 1-96,text,true,441,5709
1370228932652,5742,/got2go.php,200,OK,Thread Group 1-9,text,true,441,5742
1370228932665,5824,/got2go.php,200,OK,Thread Group 1-10,text,true,441,5824
1370228932695,5840,/got2go.php,200,OK,Thread Group 1-12,text,true,441,5840
1370228932747,5833,/got2go.php,200,OK,Thread Group 1-13,text,true,441,5833
1370228932791,5831,/got2go.php,200,OK,Thread Group 1-11,text,true,441,5831
1370228932895,5758,/got2go.php,200,OK,Thread Group 1-14,text,true,441,5758
1370228932937,5809,/got2go.php,200,OK,Thread Group 1-8,text,true,441,5809
1370228932970,5811,/got2go.php,200,OK,Thread Group 1-16,text,true,441,5811
1370228933017,5799,/got2go.php,200,OK,Thread Group 1-15,text,true,441,5799
1370228933055,5797,/got2go.php,200,OK,Thread Group 1-17,text,true,441,5797
1370228933093,5949,/got2go.php,200,OK,Thread Group 1-18,text,true,441,5949
1370228933121,5987,/got2go.php,200,OK,Thread Group 1-19,text,true,441,5987
1370228933196,5984,/got2go.php,200,OK,Thread Group 1-21,text,true,441,5984
1370228933239,5941,/got2go.php,200,OK,Thread Group 1-24,text,true,441,5941
1370228933156,6024,/got2go.php,200,OK,Thread Group 1-20,text,true,441,6024
1370228933262,5937,/got2go.php,200,OK,Thread Group 1-23,text,true,441,5937
1370228933305,5933,/got2go.php,200,OK,Thread Group 1-22,text,true,441,5933
1370228933354,5932,/got2go.php,200,OK,Thread Group 1-2,text,true,441,5932
1370228933386,5953,/got2go.php,200,OK,Thread Group 1-27,text,true,441,5953
1370228933435,6014,/got2go.php,200,OK,Thread Group 1-26,text,true,441,6014
1370228933528,6021,/got2go.php,200,OK,Thread Group 1-25,text,true,441,6021
1370228933617,5984,/got2go.php,200,OK,Thread Group 1-4,text,true,441,5984
1370228933684,5955,/got2go.php,200,OK,Thread Group 1-31,text,true,441,5955
1370228933728,5960,/got2go.php,200,OK,Thread Group 1-30,text,true,441,5960
1370228933728,5971,/got2go.php,200,OK,Thread Group 1-29,text,true,441,5971
1370228933815,5920,/got2go.php,200,OK,Thread Group 1-32,text,true,441,5920
1370228933841,5922,/got2go.php,200,OK,Thread Group 1-28,text,true,441,5922
1370228933881,5921,/got2go.php,200,OK,Thread Group 1-33,text,true,441,5921
1370228933985,5862,/got2go.php,200,OK,Thread Group 1-35,text,true,441,5862
1370228934049,5825,/got2go.php,200,OK,Thread Group 1-34,text,true,441,5825
1370228934079,5925,/got2go.php,200,OK,Thread Group 1-36,text,true,441,5925
1370228934108,5969,/got2go.php,200,OK,Thread Group 1-39,text,true,441,5969
1370228934143,6038,/got2go.php,200,OK,Thread Group 1-40,text,true,441,6038
1370228934185,6141,/got2go.php,200,OK,Thread Group 1-38,text,true,441,6141
1370228934229,6249,/got2go.php,200,OK,Thread Group 1-43,text,true,441,6249
1370228934260,6264,/got2go.php,200,OK,Thread Group 1-37,text,true,441,6264
1370228934381,6265,/got2go.php,200,OK,Thread Group 1-44,text,true,441,6265
1370228934418,6255,/got2go.php,200,OK,Thread Group 1-42,text,true,441,6255
1370228934461,6292,/got2go.php,200,OK,Thread Group 1-47,text,true,441,6292
1370228934495,6303,/got2go.php,200,OK,Thread Group 1-45,text,true,441,6303
1370228934590,6265,/got2go.php,200,OK,Thread Group 1-46,text,true,441,6265
1370228934683,6214,/got2go.php,200,OK,Thread Group 1-3,text,true,441,6214
1370228934770,6155,/got2go.php,200,OK,Thread Group 1-48,text,true,441,6155
1370228934871,6171,/got2go.php,200,OK,Thread Group 1-51,text,true,441,6171
1370228934943,6142,/got2go.php,200,OK,Thread Group 1-52,text,true,441,6142
1370228934943,6185,/got2go.php,200,OK,Thread Group 1-41,text,true,441,6185
1370228935002,6166,/got2go.php,200,OK,Thread Group 1-50,text,true,441,6166
1370228935147,6059,/got2go.php,200,OK,Thread Group 1-56,text,true,441,6059
1370228935148,6110,/got2go.php,200,OK,Thread Group 1-53,text,true,441,6110
1370228935189,6120,/got2go.php,200,OK,Thread Group 1-59,text,true,441,6120
1370228935319,6012,/got2go.php,200,OK,Thread Group 1-55,text,true,441,6012
1370228935374,6052,/got2go.php,200,OK,Thread Group 1-57,text,true,441,6052
1370228935412,6046,/got2go.php,200,OK,Thread Group 1-54,text,true,441,6046
1370228935448,6041,/got2go.php,200,OK,Thread Group 1-49,text,true,441,6041
1370228935509,6048,/got2go.php,200,OK,Thread Group 1-58,text,true,441,6048
1370228935560,6040,/got2go.php,200,OK,Thread Group 1-61,text,true,441,6040
1370228935586,6041,/got2go.php,200,OK,Thread Group 1-62,text,true,441,6041
1370228935608,6048,/got2go.php,200,OK,Thread Group 1-64,text,true,441,6048
1370228935774,5926,/got2go.php,200,OK,Thread Group 1-67,text,true,441,5926
1370228935809,5934,/got2go.php,200,OK,Thread Group 1-63,text,true,441,5934
1370228935849,5989,/got2go.php,200,OK,Thread Group 1-65,text,true,441,5989
1370228935881,6011,/got2go.php,200,OK,Thread Group 1-60,text,true,441,6011
1370228935914,6028,/got2go.php,200,OK,Thread Group 1-66,text,true,441,6028
1370228936012,6016,/got2go.php,200,OK,Thread Group 1-68,text,true,441,6016
1370228936054,6029,/got2go.php,200,OK,Thread Group 1-70,text,true,441,6029
1370228936088,6018,/got2go.php,200,OK,Thread Group 1-69,text,true,441,6018
1370228936141,6016,/got2go.php,200,OK,Thread Group 1-72,text,true,441,6016
1370228936269,5902,/got2go.php,200,OK,Thread Group 1-71,text,true,441,5902
1370228936305,5904,/got2go.php,200,OK,Thread Group 1-73,text,true,441,5904
1370228936351,5899,/got2go.php,200,OK,Thread Group 1-75,text,true,441,5899
1370228936444,5845,/got2go.php,200,OK,Thread Group 1-74,text,true,441,5845
1370228936452,5868,/got2go.php,200,OK,Thread Group 1-76,text,true,441,5868
1370228936480,5938,/got2go.php,200,OK,Thread Group 1-5,text,true,441,5938
1370228936571,5895,/got2go.php,200,OK,Thread Group 1-79,text,true,441,5895
1370228936567,5918,/got2go.php,200,OK,Thread Group 1-78,text,true,441,5918
1370228936644,5875,/got2go.php,200,OK,Thread Group 1-77,text,true,441,5875
1370228936753,5803,/got2go.php,200,OK,Thread Group 1-81,text,true,441,5803
1370228936815,5821,/got2go.php,200,OK,Thread Group 1-80,text,true,441,5821
1370228936851,5854,/got2go.php,200,OK,Thread Group 1-82,text,true,441,5854
1370228936883,5826,/got2go.php,200,OK,Thread Group 1-83,text,true,441,5826
1370228936946,5791,/got2go.php,200,OK,Thread Group 1-84,text,true,441,5791
1370228936981,5785,/got2go.php,200,OK,Thread Group 1-1,text,true,441,5785
1370228937018,5782,/got2go.php,200,OK,Thread Group 1-86,text,true,441,5782
1370228937083,5761,/got2go.php,200,OK,Thread Group 1-87,text,true,441,5761
1370228937200,5728,/got2go.php,200,OK,Thread Group 1-88,text,true,441,5728
1370228937235,5696,/got2go.php,200,OK,Thread Group 1-85,text,true,441,5696
1370228937288,5791,/got2go.php,200,OK,Thread Group 1-90,text,true,441,5791
1370228937411,5706,/got2go.php,200,OK,Thread Group 1-89,text,true,441,5706
1370228937473,5709,/got2go.php,200,OK,Thread Group 1-92,text,true,441,5709
1370228937524,5773,/got2go.php,200,OK,Thread Group 1-94,text,true,441,5773
1370228937689,5648,/got2go.php,200,OK,Thread Group 1-91,text,true,441,5648
1370228937755,5651,/got2go.php,200,OK,Thread Group 1-97,text,true,441,5651
1370228937928,5588,/got2go.php,200,OK,Thread Group 1-93,text,true,441,5588
1370228937956,5602,/got2go.php,200,OK,Thread Group 1-6,text,true,441,5602
1370228938125,5487,/got2go.php,200,OK,Thread Group 1-100,text,true,441,5487
1370228938168,5552,/got2go.php,200,OK,Thread Group 1-95,text,true,441,5552
1370228938229,5565,/got2go.php,200,OK,Thread Group 1-99,text,true,441,5565
1370228938268,5552,/got2go.php,200,OK,Thread Group 1-98,text,true,441,5552
1370228938314,5547,/got2go.php,200,OK,Thread Group 1-7,text,true,441,5547
1370228938363,5605,/got2go.php,200,OK,Thread Group 1-96,text,true,441,5605
1370228938395,5649,/got2go.php,200,OK,Thread Group 1-9,text,true,441,5649
1370228938490,5594,/got2go.php,200,OK,Thread Group 1-10,text,true,441,5594
1370228938536,5678,/got2go.php,200,OK,Thread Group 1-12,text,true,441,5678
1370228938581,5678,/got2go.php,200,OK,Thread Group 1-13,text,true,441,5678
1370228938654,5664,/got2go.php,200,OK,Thread Group 1-14,text,true,441,5664
1370228938623,5717,/got2go.php,200,OK,Thread Group 1-11,text,true,441,5717
1370228938747,5624,/got2go.php,200,OK,Thread Group 1-8,text,true,441,5624
1370228938782,5623,/got2go.php,200,OK,Thread Group 1-16,text,true,441,5623
1370228938817,5690,/got2go.php,200,OK,Thread Group 1-15,text,true,441,5690
1370228938853,5695,/got2go.php,200,OK,Thread Group 1-17,text,true,441,5695
1370228939109,5468,/got2go.php,200,OK,Thread Group 1-19,text,true,441,5468
1370228939043,5563,/got2go.php,200,OK,Thread Group 1-18,text,true,441,5563
1370228939182,5470,/got2go.php,200,OK,Thread Group 1-24,text,true,441,5470
1370228939182,5506,/got2go.php,200,OK,Thread Group 1-20,text,true,441,5506
1370228939181,5554,/got2go.php,200,OK,Thread Group 1-21,text,true,441,5554
1370228939200,5571,/got2go.php,200,OK,Thread Group 1-23,text,true,441,5571
1370228939239,5610,/got2go.php,200,OK,Thread Group 1-22,text,true,441,5610
1370228939287,5625,/got2go.php,200,OK,Thread Group 1-2,text,true,441,5625
1370228939341,5625,/got2go.php,200,OK,Thread Group 1-27,text,true,441,5625
1370228939450,5629,/got2go.php,200,OK,Thread Group 1-26,text,true,441,5629
1370228939550,5584,/got2go.php,200,OK,Thread Group 1-25,text,true,441,5584
1370228939602,5585,/got2go.php,200,OK,Thread Group 1-4,text,true,441,5585
1370228939642,5596,/got2go.php,200,OK,Thread Group 1-31,text,true,441,5596
1370228939689,5591,/got2go.php,200,OK,Thread Group 1-30,text,true,441,5591
1370228939700,5614,/got2go.php,200,OK,Thread Group 1-29,text,true,441,5614
1370228939736,5684,/got2go.php,200,OK,Thread Group 1-32,text,true,441,5684
1370228939803,5678,/got2go.php,200,OK,Thread Group 1-33,text,true,441,5678
1370228939847,5685,/got2go.php,200,OK,Thread Group 1-35,text,true,441,5685
1370228939875,5752,/got2go.php,200,OK,Thread Group 1-34,text,true,441,5752
1370228940005,5655,/got2go.php,200,OK,Thread Group 1-36,text,true,441,5655
1370228940078,5615,/got2go.php,200,OK,Thread Group 1-39,text,true,441,5615
1370228940182,5550,/got2go.php,200,OK,Thread Group 1-40,text,true,441,5550
1370228940326,5447,/got2go.php,200,OK,Thread Group 1-38,text,true,441,5447
1370228939764,6053,/got2go.php,200,OK,Thread Group 1-28,text,true,441,6053
1370228940479,5366,/got2go.php,200,OK,Thread Group 1-43,text,true,441,5366
1370228940647,5248,/got2go.php,200,OK,Thread Group 1-44,text,true,441,5248
1370228940674,5245,/got2go.php,200,OK,Thread Group 1-42,text,true,441,5245
1370228940754,5195,/got2go.php,200,OK,Thread Group 1-47,text,true,441,5195
1370228940799,5180,/got2go.php,200,OK,Thread Group 1-45,text,true,441,5180
1370228940856,5276,/got2go.php,200,OK,Thread Group 1-46,text,true,441,5276
1370228940897,5268,/got2go.php,200,OK,Thread Group 1-3,text,true,441,5268
1370228940925,5277,/got2go.php,200,OK,Thread Group 1-48,text,true,441,5277
1370228941043,5192,/got2go.php,200,OK,Thread Group 1-51,text,true,441,5192
1370228941086,5257,/got2go.php,200,OK,Thread Group 1-52,text,true,441,5257
1370228941129,5270,/got2go.php,200,OK,Thread Group 1-41,text,true,441,5270
1370228940525,5924,/got2go.php,200,OK,Thread Group 1-37,text,true,441,5924
1370228941170,5331,/got2go.php,200,OK,Thread Group 1-50,text,true,441,5331
1370228941207,5430,/got2go.php,200,OK,Thread Group 1-56,text,true,441,5430
1370228941259,5450,/got2go.php,200,OK,Thread Group 1-53,text,true,441,5450
1370228941308,5543,/got2go.php,200,OK,Thread Group 1-59,text,true,441,5543
1370228941360,5522,/got2go.php,200,OK,Thread Group 1-55,text,true,441,5522
1370228941425,5541,/got2go.php,200,OK,Thread Group 1-57,text,true,441,5541
1370228941458,5533,/got2go.php,200,OK,Thread Group 1-54,text,true,441,5533
1370228941489,5562,/got2go.php,200,OK,Thread Group 1-49,text,true,441,5562
1370228941557,5523,/got2go.php,200,OK,Thread Group 1-58,text,true,441,5523
1370228941600,5542,/got2go.php,200,OK,Thread Group 1-61,text,true,441,5542
1370228941627,5558,/got2go.php,200,OK,Thread Group 1-62,text,true,441,5558
1370228941656,5565,/got2go.php,200,OK,Thread Group 1-64,text,true,441,5565
1370228941700,5605,/got2go.php,200,OK,Thread Group 1-67,text,true,441,5605
1370228941744,5659,/got2go.php,200,OK,Thread Group 1-63,text,true,441,5659
1370228941839,5681,/got2go.php,200,OK,Thread Group 1-65,text,true,441,5681
1370228941891,5800,/got2go.php,200,OK,Thread Group 1-60,text,true,441,5800
1370228941942,5792,/got2go.php,200,OK,Thread Group 1-66,text,true,441,5792
1370228942028,5918,/got2go.php,200,OK,Thread Group 1-68,text,true,441,5918
1370228942083,5913,/got2go.php,200,OK,Thread Group 1-70,text,true,441,5913
1370228942106,5977,/got2go.php,200,OK,Thread Group 1-69,text,true,441,5977
1370228942171,5948,/got2go.php,200,OK,Thread Group 1-71,text,true,441,5948
1370228942157,6035,/got2go.php,200,OK,Thread Group 1-72,text,true,441,6035
1370228942209,6042,/got2go.php,200,OK,Thread Group 1-73,text,true,441,6042
1370228942250,6087,/got2go.php,200,OK,Thread Group 1-75,text,true,441,6087
1370228942289,6115,/got2go.php,200,OK,Thread Group 1-74,text,true,441,6115
1370228942320,6151,/got2go.php,200,OK,Thread Group 1-76,text,true,441,6151
1370228942418,6122,/got2go.php,200,OK,Thread Group 1-5,text,true,441,6122
1370228942466,6105,/got2go.php,200,OK,Thread Group 1-79,text,true,441,6105
1370228942485,6141,/got2go.php,200,OK,Thread Group 1-78,text,true,441,6141
1370228942519,6137,/got2go.php,200,OK,Thread Group 1-77,text,true,441,6137
1370228942555,6113,/got2go.php,200,OK,Thread Group 1-81,text,true,441,6113
1370228942636,6082,/got2go.php,200,OK,Thread Group 1-80,text,true,441,6082
1370228942705,6181,/got2go.php,200,OK,Thread Group 1-82,text,true,441,6181
1370228942709,6262,/got2go.php,200,OK,Thread Group 1-83,text,true,441,6262
1370228942738,6343,/got2go.php,200,OK,Thread Group 1-84,text,true,441,6343
1370228942765,6372,/got2go.php,200,OK,Thread Group 1-1,text,true,441,6372
1370228942799,6378,/got2go.php,200,OK,Thread Group 1-86,text,true,441,6378
1370228942844,6361,/got2go.php,200,OK,Thread Group 1-87,text,true,441,6361
1370228942928,6350,/got2go.php,200,OK,Thread Group 1-88,text,true,441,6350
1370228942930,6413,/got2go.php,200,OK,Thread Group 1-85,text,true,441,6413
1370228943079,6412,/got2go.php,200,OK,Thread Group 1-90,text,true,441,6412
1370228943116,6427,/got2go.php,200,OK,Thread Group 1-89,text,true,441,6427
1370228943182,6423,/got2go.php,200,OK,Thread Group 1-92,text,true,441,6423
1370228943297,6411,/got2go.php,200,OK,Thread Group 1-94,text,true,441,6411
1370228943336,6442,/got2go.php,200,OK,Thread Group 1-91,text,true,441,6442
1370228943406,6551,/got2go.php,200,OK,Thread Group 1-97,text,true,441,6551
1370228943515,6566,/got2go.php,200,OK,Thread Group 1-93,text,true,441,6566
1370228943557,6576,/got2go.php,200,OK,Thread Group 1-6,text,true,441,6576
1370228943612,6625,/got2go.php,200,OK,Thread Group 1-100,text,true,441,6625
1370228943720,6528,/got2go.php,200,OK,Thread Group 1-95,text,true,441,6528
1370228943794,6741,/got2go.php,200,OK,Thread Group 1-99,text,true,441,6741
1370228943820,6747,/got2go.php,200,OK,Thread Group 1-98,text,true,441,6747
1370228943861,6759,/got2go.php,200,OK,Thread Group 1-7,text,true,441,6759
1370228943968,6669,/got2go.php,200,OK,Thread Group 1-96,text,true,441,6669
1370228944084,6609,/got2go.php,200,OK,Thread Group 1-10,text,true,441,6609
1370228944044,6649,/got2go.php,200,OK,Thread Group 1-9,text,true,441,6649
1370228944214,6515,/got2go.php,200,OK,Thread Group 1-12,text,true,441,6515
1370228944259,6493,/got2go.php,200,OK,Thread Group 1-13,text,true,441,6493
1370228944318,6446,/got2go.php,200,OK,Thread Group 1-14,text,true,441,6446
1370228944340,6429,/got2go.php,200,OK,Thread Group 1-11,text,true,441,6429
1370228944371,6472,/got2go.php,200,OK,Thread Group 1-8,text,true,441,6472
1370228944405,6484,/got2go.php,200,OK,Thread Group 1-16,text,true,441,6484
1370228944548,6361,/got2go.php,200,OK,Thread Group 1-17,text,true,441,6361
1370228944577,6403,/got2go.php,200,OK,Thread Group 1-19,text,true,441,6403
1370228944606,6441,/got2go.php,200,OK,Thread Group 1-18,text,true,441,6441
1370228944507,6548,/got2go.php,200,OK,Thread Group 1-15,text,true,441,6548
1370228944688,6466,/got2go.php,200,OK,Thread Group 1-20,text,true,441,6466
1370228944735,6493,/got2go.php,200,OK,Thread Group 1-21,text,true,441,6493
1370228944771,6662,/got2go.php,200,OK,Thread Group 1-23,text,true,441,6662
1370228944652,6843,/got2go.php,200,OK,Thread Group 1-24,text,true,441,6843
1370228944849,6652,/got2go.php,200,OK,Thread Group 1-22,text,true,441,6652
1370228944911,6641,/got2go.php,200,OK,Thread Group 1-2,text,true,441,6641
1370228944966,6598,/got2go.php,200,OK,Thread Group 1-27,text,true,441,6598
1370228945080,6488,/got2go.php,200,OK,Thread Group 1-26,text,true,441,6488
1370228945134,6444,/got2go.php,200,OK,Thread Group 1-25,text,true,441,6444
1370228945187,6407,/got2go.php,200,OK,Thread Group 1-4,text,true,441,6407
1370228945238,6390,/got2go.php,200,OK,Thread Group 1-31,text,true,441,6390
1370228945280,6378,/got2go.php,200,OK,Thread Group 1-30,text,true,441,6378
1370228945314,6387,/got2go.php,200,OK,Thread Group 1-29,text,true,441,6387
1370228945420,6452,/got2go.php,200,OK,Thread Group 1-32,text,true,441,6452
1370228945481,6473,/got2go.php,200,OK,Thread Group 1-33,text,true,441,6473
1370228945532,6468,/got2go.php,200,OK,Thread Group 1-35,text,true,441,6468
1370228945627,6397,/got2go.php,200,OK,Thread Group 1-34,text,true,441,6397
1370228945693,6340,/got2go.php,200,OK,Thread Group 1-39,text,true,441,6340
1370228945732,6346,/got2go.php,200,OK,Thread Group 1-40,text,true,441,6346
1370228945774,6386,/got2go.php,200,OK,Thread Group 1-38,text,true,441,6386
1370228945817,6369,/got2go.php,200,OK,Thread Group 1-28,text,true,441,6369
1370228945846,6362,/got2go.php,200,OK,Thread Group 1-43,text,true,441,6362
1370228945895,6567,/got2go.php,200,OK,Thread Group 1-44,text,true,441,6567
1370228945920,6605,/got2go.php,200,OK,Thread Group 1-42,text,true,441,6605
1370228945949,6677,/got2go.php,200,OK,Thread Group 1-47,text,true,441,6677
1370228945979,6690,/got2go.php,200,OK,Thread Group 1-45,text,true,441,6690
1370228945660,7108,/got2go.php,200,OK,Thread Group 1-36,text,true,441,7108
1370228946132,6699,/got2go.php,200,OK,Thread Group 1-46,text,true,441,6699
1370228946165,6837,/got2go.php,200,OK,Thread Group 1-3,text,true,441,6837
1370228946235,6840,/got2go.php,200,OK,Thread Group 1-51,text,true,441,6840
1370228946344,6752,/got2go.php,200,OK,Thread Group 1-52,text,true,441,6752
1370228946400,6795,/got2go.php,200,OK,Thread Group 1-41,text,true,441,6795
1370228946502,6729,/got2go.php,200,OK,Thread Group 1-50,text,true,441,6729
1370228946638,6636,/got2go.php,200,OK,Thread Group 1-56,text,true,441,6636
1370228946710,6584,/got2go.php,200,OK,Thread Group 1-53,text,true,441,6584
1370228946202,7106,/got2go.php,200,OK,Thread Group 1-48,text,true,441,7106
1370228946853,6456,/got2go.php,200,OK,Thread Group 1-59,text,true,441,6456
1370228946884,6425,/got2go.php,200,OK,Thread Group 1-55,text,true,441,6425
1370228946968,6397,/got2go.php,200,OK,Thread Group 1-57,text,true,441,6397
1370228946992,6407,/got2go.php,200,OK,Thread Group 1-54,text,true,441,6407
1370228947053,6396,/got2go.php,200,OK,Thread Group 1-49,text,true,441,6396
1370228947082,6479,/got2go.php,200,OK,Thread Group 1-58,text,true,441,6479
1370228947187,6419,/got2go.php,200,OK,Thread Group 1-62,text,true,441,6419
1370228947223,6434,/got2go.php,200,OK,Thread Group 1-64,text,true,441,6434
1370228946450,7308,/got2go.php,200,OK,Thread Group 1-37,text,true,441,7308
1370228947307,6485,/got2go.php,200,OK,Thread Group 1-67,text,true,441,6485
1370228947405,6426,/got2go.php,200,OK,Thread Group 1-63,text,true,441,6426
1370228947522,6350,/got2go.php,200,OK,Thread Group 1-65,text,true,441,6350
1370228947693,6213,/got2go.php,200,OK,Thread Group 1-60,text,true,441,6213
1370228947736,6308,/got2go.php,200,OK,Thread Group 1-66,text,true,441,6308
1370228947144,6954,/got2go.php,200,OK,Thread Group 1-61,text,true,441,6954
1370228947948,6184,/got2go.php,200,OK,Thread Group 1-68,text,true,441,6184
1370228947998,6174,/got2go.php,200,OK,Thread Group 1-70,text,true,441,6174
1370228948085,6187,/got2go.php,200,OK,Thread Group 1-69,text,true,441,6187
1370228948121,6246,/got2go.php,200,OK,Thread Group 1-71,text,true,441,6246
1370228948253,6229,/got2go.php,200,OK,Thread Group 1-73,text,true,441,6229
1370228948339,6206,/got2go.php,200,OK,Thread Group 1-75,text,true,441,6206
1370228948406,6189,/got2go.php,200,OK,Thread Group 1-74,text,true,441,6189
1370228948473,6161,/got2go.php,200,OK,Thread Group 1-76,text,true,441,6161
1370228948542,6125,/got2go.php,200,OK,Thread Group 1-5,text,true,441,6125
1370228948573,6212,/got2go.php,200,OK,Thread Group 1-79,text,true,441,6212
1370228948658,6201,/got2go.php,200,OK,Thread Group 1-77,text,true,441,6201
1370228948628,6232,/got2go.php,200,OK,Thread Group 1-78,text,true,441,6232
1370228948720,6193,/got2go.php,200,OK,Thread Group 1-80,text,true,441,6193
1370228948194,6844,/got2go.php,200,OK,Thread Group 1-72,text,true,441,6844
1370228948888,6215,/got2go.php,200,OK,Thread Group 1-82,text,true,441,6215
1370228948973,6156,/got2go.php,200,OK,Thread Group 1-83,text,true,441,6156
1370228949084,6079,/got2go.php,200,OK,Thread Group 1-84,text,true,441,6079
1370228949139,6069,/got2go.php,200,OK,Thread Group 1-1,text,true,441,6069
1370228949178,6110,/got2go.php,200,OK,Thread Group 1-86,text,true,441,6110
1370228949207,6181,/got2go.php,200,OK,Thread Group 1-87,text,true,441,6181
1370228949280,6176,/got2go.php,200,OK,Thread Group 1-88,text,true,441,6176
1370228948670,6873,/got2go.php,200,OK,Thread Group 1-81,text,true,441,6873
1370228949345,6317,/got2go.php,200,OK,Thread Group 1-85,text,true,441,6317
1370228949493,6235,/got2go.php,200,OK,Thread Group 1-90,text,true,441,6235
1370228949545,6240,/got2go.php,200,OK,Thread Group 1-89,text,true,441,6240
1370228949607,6275,/got2go.php,200,OK,Thread Group 1-92,text,true,441,6275
1370228949710,6208,/got2go.php,200,OK,Thread Group 1-94,text,true,441,6208
1370228949779,6203,/got2go.php,200,OK,Thread Group 1-91,text,true,441,6203
1370228949959,6066,/got2go.php,200,OK,Thread Group 1-97,text,true,441,6066
1370228950082,6055,/got2go.php,200,OK,Thread Group 1-93,text,true,441,6055
1370228950135,6154,/got2go.php,200,OK,Thread Group 1-6,text,true,441,6154
1370228950239,6104,/got2go.php,200,OK,Thread Group 1-100,text,true,441,6104
1370228950537,5860,/got2go.php,200,OK,Thread Group 1-99,text,true,441,5860
1370228950569,5876,/got2go.php,200,OK,Thread Group 1-98,text,true,441,5876
1370228950622,5877,/got2go.php,200,OK,Thread Group 1-7,text,true,441,5877
1370228950639,5924,/got2go.php,200,OK,Thread Group 1-96,text,true,441,5924
1370228950695,5949,/got2go.php,200,OK,Thread Group 1-10,text,true,441,5949
1370228950695,6049,/got2go.php,200,OK,Thread Group 1-9,text,true,441,6049
1370228950731,6110,/got2go.php,200,OK,Thread Group 1-12,text,true,441,6110
1370228950754,6131,/got2go.php,200,OK,Thread Group 1-13,text,true,441,6131
1370228950766,6201,/got2go.php,200,OK,Thread Group 1-14,text,true,441,6201
1370228950771,6196,/got2go.php,200,OK,Thread Group 1-11,text,true,441,6196
1370228950845,6168,/got2go.php,200,OK,Thread Group 1-8,text,true,441,6168
1370228950892,6165,/got2go.php,200,OK,Thread Group 1-16,text,true,441,6165
1370228950911,6197,/got2go.php,200,OK,Thread Group 1-17,text,true,441,6197
1370228950982,6231,/got2go.php,200,OK,Thread Group 1-19,text,true,441,6231
1370228950250,7018,/got2go.php,200,OK,Thread Group 1-95,text,true,441,7018
1370228951049,6351,/got2go.php,200,OK,Thread Group 1-18,text,true,441,6351
1370228951057,6363,/got2go.php,200,OK,Thread Group 1-15,text,true,441,6363
1370228951156,6302,/got2go.php,200,OK,Thread Group 1-20,text,true,441,6302
1370228951230,6251,/got2go.php,200,OK,Thread Group 1-21,text,true,441,6251
1370228951435,6077,/got2go.php,200,OK,Thread Group 1-23,text,true,441,6077
1370228951497,6052,/got2go.php,200,OK,Thread Group 1-24,text,true,441,6052
1370228951503,6081,/got2go.php,200,OK,Thread Group 1-22,text,true,441,6081
1370228951553,6065,/got2go.php,200,OK,Thread Group 1-2,text,true,441,6065
1370228951570,6079,/got2go.php,200,OK,Thread Group 1-26,text,true,441,6079
1370228951580,6110,/got2go.php,200,OK,Thread Group 1-25,text,true,441,6110
1370228951596,6121,/got2go.php,200,OK,Thread Group 1-4,text,true,441,6121
1370228951630,6122,/got2go.php,200,OK,Thread Group 1-31,text,true,441,6122
1370228951660,6185,/got2go.php,200,OK,Thread Group 1-30,text,true,441,6185
1370228951703,6183,/got2go.php,200,OK,Thread Group 1-29,text,true,441,6183
1370228951874,6078,/got2go.php,200,OK,Thread Group 1-32,text,true,441,6078
1370228951957,6034,/got2go.php,200,OK,Thread Group 1-33,text,true,441,6034
1370228952002,6027,/got2go.php,200,OK,Thread Group 1-35,text,true,441,6027
1370228952026,6059,/got2go.php,200,OK,Thread Group 1-34,text,true,441,6059
1370228952035,6066,/got2go.php,200,OK,Thread Group 1-39,text,true,441,6066
1370228952080,6071,/got2go.php,200,OK,Thread Group 1-40,text,true,441,6071
1370228952162,6117,/got2go.php,200,OK,Thread Group 1-38,text,true,441,6117
1370228951566,6761,/got2go.php,200,OK,Thread Group 1-27,text,true,441,6761
1370228952210,6191,/got2go.php,200,OK,Thread Group 1-43,text,true,441,6191
1370228952188,6258,/got2go.php,200,OK,Thread Group 1-28,text,true,441,6258
1370228952527,6023,/got2go.php,200,OK,Thread Group 1-42,text,true,441,6023
1370228952628,5957,/got2go.php,200,OK,Thread Group 1-47,text,true,441,5957
1370228952671,6030,/got2go.php,200,OK,Thread Group 1-45,text,true,441,6030
1370228952770,6007,/got2go.php,200,OK,Thread Group 1-36,text,true,441,6007
1370228952833,6003,/got2go.php,200,OK,Thread Group 1-46,text,true,441,6003
1370228953004,5869,/got2go.php,200,OK,Thread Group 1-3,text,true,441,5869
1370228953077,5837,/got2go.php,200,OK,Thread Group 1-51,text,true,441,5837
1370228953097,5859,/got2go.php,200,OK,Thread Group 1-52,text,true,441,5859
1370228952464,6530,/got2go.php,200,OK,Thread Group 1-44,text,true,441,6530
1370228953196,5830,/got2go.php,200,OK,Thread Group 1-41,text,true,441,5830
1370228953233,5826,/got2go.php,200,OK,Thread Group 1-50,text,true,441,5826
1370228953275,5826,/got2go.php,200,OK,Thread Group 1-56,text,true,441,5826
1370228953295,5921,/got2go.php,200,OK,Thread Group 1-53,text,true,441,5921
1370228953310,5955,/got2go.php,200,OK,Thread Group 1-48,text,true,441,5955
1370228953311,5972,/got2go.php,200,OK,Thread Group 1-55,text,true,441,5972
1370228953310,6009,/got2go.php,200,OK,Thread Group 1-59,text,true,441,6009
1370228953366,5999,/got2go.php,200,OK,Thread Group 1-57,text,true,441,5999
1370228953400,6007,/got2go.php,200,OK,Thread Group 1-54,text,true,441,6007
1370228953451,6080,/got2go.php,200,OK,Thread Group 1-49,text,true,441,6080
1370228953562,6016,/got2go.php,200,OK,Thread Group 1-58,text,true,441,6016
1370228953607,5998,/got2go.php,200,OK,Thread Group 1-62,text,true,441,5998
1370228953658,5979,/got2go.php,200,OK,Thread Group 1-64,text,true,441,5979
1370228953760,5926,/got2go.php,200,OK,Thread Group 1-37,text,true,441,5926
1370228953793,5926,/got2go.php,200,OK,Thread Group 1-67,text,true,441,5926
1370228953832,5967,/got2go.php,200,OK,Thread Group 1-63,text,true,441,5967
1370228953873,5928,/got2go.php,200,OK,Thread Group 1-65,text,true,441,5928
1370228953907,5924,/got2go.php,200,OK,Thread Group 1-60,text,true,441,5924
1370228954045,5911,/got2go.php,200,OK,Thread Group 1-66,text,true,441,5911
1370228954099,5920,/got2go.php,200,OK,Thread Group 1-61,text,true,441,5920
1370228954133,5909,/got2go.php,200,OK,Thread Group 1-68,text,true,441,5909
1370228954173,5905,/got2go.php,200,OK,Thread Group 1-70,text,true,441,5905
1370228954273,5898,/got2go.php,200,OK,Thread Group 1-69,text,true,441,5898
1370228954484,5721,/got2go.php,200,OK,Thread Group 1-73,text,true,441,5721
1370228954546,5703,/got2go.php,200,OK,Thread Group 1-75,text,true,441,5703
1370228954596,5684,/got2go.php,200,OK,Thread Group 1-74,text,true,441,5684
1370228954634,5678,/got2go.php,200,OK,Thread Group 1-76,text,true,441,5678
1370228954668,5688,/got2go.php,200,OK,Thread Group 1-5,text,true,441,5688
1370228954368,6044,/got2go.php,200,OK,Thread Group 1-71,text,true,441,6044
1370228954787,5736,/got2go.php,200,OK,Thread Group 1-79,text,true,441,5736
1370228954860,5701,/got2go.php,200,OK,Thread Group 1-77,text,true,441,5701
1370228954861,5731,/got2go.php,200,OK,Thread Group 1-78,text,true,441,5731
1370228954914,5710,/got2go.php,200,OK,Thread Group 1-80,text,true,441,5710
1370228955039,5632,/got2go.php,200,OK,Thread Group 1-72,text,true,441,5632
1370228955103,5641,/got2go.php,200,OK,Thread Group 1-82,text,true,441,5641
1370228955209,5649,/got2go.php,200,OK,Thread Group 1-1,text,true,441,5649
1370228955289,5570,/got2go.php,200,OK,Thread Group 1-86,text,true,441,5570
1370228955389,5619,/got2go.php,200,OK,Thread Group 1-87,text,true,441,5619
1370228955544,5557,/got2go.php,200,OK,Thread Group 1-81,text,true,441,5557
1370228955130,6040,/got2go.php,200,OK,Thread Group 1-83,text,true,441,6040
1370228955164,6046,/got2go.php,200,OK,Thread Group 1-84,text,true,441,6046
1370228955663,5634,/got2go.php,200,OK,Thread Group 1-85,text,true,441,5634
1370228955728,5610,/got2go.php,200,OK,Thread Group 1-90,text,true,441,5610
1370228955786,5593,/got2go.php,200,OK,Thread Group 1-89,text,true,441,5593
1370228955883,5546,/got2go.php,200,OK,Thread Group 1-92,text,true,441,5546
1370228955457,6018,/got2go.php,200,OK,Thread Group 1-88,text,true,441,6018
1370228955919,5678,/got2go.php,200,OK,Thread Group 1-94,text,true,441,5678
1370228955983,5670,/got2go.php,200,OK,Thread Group 1-91,text,true,441,5670
1370228956026,5663,/got2go.php,200,OK,Thread Group 1-97,text,true,441,5663
1370228956138,5581,/got2go.php,200,OK,Thread Group 1-93,text,true,441,5581
1370228956289,5485,/got2go.php,200,OK,Thread Group 1-6,text,true,441,5485
1370228956343,5528,/got2go.php,200,OK,Thread Group 1-100,text,true,441,5528
1370228956397,5482,/got2go.php,200,OK,Thread Group 1-99,text,true,441,5482
1370228956445,5442,/got2go.php,200,OK,Thread Group 1-98,text,true,441,5442
1370228956563,5367,/got2go.php,200,OK,Thread Group 1-96,text,true,441,5367
1370228956499,5461,/got2go.php,200,OK,Thread Group 1-7,text,true,441,5461
1370228956644,5357,/got2go.php,200,OK,Thread Group 1-10,text,true,441,5357
1370228956744,5285,/got2go.php,200,OK,Thread Group 1-9,text,true,441,5285
1370228956841,5244,/got2go.php,200,OK,Thread Group 1-12,text,true,441,5244
1370228956885,5328,/got2go.php,200,OK,Thread Group 1-13,text,true,441,5328
1370228956967,5278,/got2go.php,200,OK,Thread Group 1-11,text,true,441,5278
1370228957057,5240,/got2go.php,200,OK,Thread Group 1-16,text,true,441,5240
1370228956967,5415,/got2go.php,200,OK,Thread Group 1-14,text,true,441,5415
1370228957107,5309,/got2go.php,200,OK,Thread Group 1-17,text,true,441,5309
1370228957213,5234,/got2go.php,200,OK,Thread Group 1-19,text,true,441,5234
1370228957268,5225,/got2go.php,200,OK,Thread Group 1-95,text,true,441,5225
1370228957400,5195,/got2go.php,200,OK,Thread Group 1-18,text,true,441,5195
1370228957420,5283,/got2go.php,200,OK,Thread Group 1-15,text,true,441,5283
1370228957458,5283,/got2go.php,200,OK,Thread Group 1-20,text,true,441,5283
1370228957013,5797,/got2go.php,200,OK,Thread Group 1-8,text,true,441,5797
1370228957481,5423,/got2go.php,200,OK,Thread Group 1-21,text,true,441,5423
1370228957512,5442,/got2go.php,200,OK,Thread Group 1-23,text,true,441,5442
1370228957549,5448,/got2go.php,200,OK,Thread Group 1-24,text,true,441,5448
1370228957584,5480,/got2go.php,200,OK,Thread Group 1-22,text,true,441,5480
1370228957619,5488,/got2go.php,200,OK,Thread Group 1-2,text,true,441,5488
1370228957649,5515,/got2go.php,200,OK,Thread Group 1-26,text,true,441,5515
1370228957690,5612,/got2go.php,200,OK,Thread Group 1-25,text,true,441,5612
1370228957717,5654,/got2go.php,200,OK,Thread Group 1-4,text,true,441,5654
1370228957751,5754,/got2go.php,200,OK,Thread Group 1-31,text,true,441,5754
1370228957845,5697,/got2go.php,200,OK,Thread Group 1-30,text,true,441,5697
1370228957885,5701,/got2go.php,200,OK,Thread Group 1-29,text,true,441,5701
1370228957952,5674,/got2go.php,200,OK,Thread Group 1-32,text,true,441,5674
1370228957991,5700,/got2go.php,200,OK,Thread Group 1-33,text,true,441,5700
1370228958030,5735,/got2go.php,200,OK,Thread Group 1-35,text,true,441,5735
1370228958085,5829,/got2go.php,200,OK,Thread Group 1-34,text,true,441,5829
1370228958101,5867,/got2go.php,200,OK,Thread Group 1-39,text,true,441,5867
1370228958151,5932,/got2go.php,200,OK,Thread Group 1-40,text,true,441,5932
1370228958279,5902,/got2go.php,200,OK,Thread Group 1-38,text,true,441,5902
1370228958327,5893,/got2go.php,200,OK,Thread Group 1-27,text,true,441,5893
1370228958401,5863,/got2go.php,200,OK,Thread Group 1-43,text,true,441,5863
1370228958447,5876,/got2go.php,200,OK,Thread Group 1-28,text,true,441,5876
1370228958550,5891,/got2go.php,200,OK,Thread Group 1-42,text,true,441,5891
1370228958585,5918,/got2go.php,200,OK,Thread Group 1-47,text,true,441,5918
1370228958701,5954,/got2go.php,200,OK,Thread Group 1-45,text,true,441,5954
1370228958777,5935,/got2go.php,200,OK,Thread Group 1-36,text,true,441,5935
1370228958836,5930,/got2go.php,200,OK,Thread Group 1-46,text,true,441,5930
1370228958873,5998,/got2go.php,200,OK,Thread Group 1-3,text,true,441,5998
1370228958914,5994,/got2go.php,200,OK,Thread Group 1-51,text,true,441,5994
1370228958956,5982,/got2go.php,200,OK,Thread Group 1-52,text,true,441,5982
1370228958994,5988,/got2go.php,200,OK,Thread Group 1-44,text,true,441,5988
1370228959026,5995,/got2go.php,200,OK,Thread Group 1-41,text,true,441,5995
1370228959059,5993,/got2go.php,200,OK,Thread Group 1-50,text,true,441,5993
1370228959100,6055,/got2go.php,200,OK,Thread Group 1-56,text,true,441,6055
1370228959216,6010,/got2go.php,200,OK,Thread Group 1-53,text,true,441,6010
1370228959265,6006,/got2go.php,200,OK,Thread Group 1-48,text,true,441,6006
1370228959283,6204,/got2go.php,200,OK,Thread Group 1-55,text,true,441,6204
1370228959318,6220,/got2go.php,200,OK,Thread Group 1-59,text,true,441,6220
1370228959365,6263,/got2go.php,200,OK,Thread Group 1-57,text,true,441,6263
1370228959407,6274,/got2go.php,200,OK,Thread Group 1-54,text,true,441,6274
1370228959530,6189,/got2go.php,200,OK,Thread Group 1-49,text,true,441,6189
1370228959578,6342,/got2go.php,200,OK,Thread Group 1-58,text,true,441,6342
1370228959605,6389,/got2go.php,200,OK,Thread Group 1-62,text,true,441,6389
1370228959637,6453,/got2go.php,200,OK,Thread Group 1-64,text,true,441,6453
1370228959686,6461,/got2go.php,200,OK,Thread Group 1-37,text,true,441,6461
1370228959719,6453,/got2go.php,200,OK,Thread Group 1-67,text,true,441,6453
1370228959799,6398,/got2go.php,200,OK,Thread Group 1-63,text,true,441,6398
1370228959801,6543,/got2go.php,200,OK,Thread Group 1-65,text,true,441,6543
1370228959831,6548,/got2go.php,200,OK,Thread Group 1-60,text,true,441,6548
1370228959956,6462,/got2go.php,200,OK,Thread Group 1-66,text,true,441,6462
1370228960019,6448,/got2go.php,200,OK,Thread Group 1-61,text,true,441,6448
1370228960042,6516,/got2go.php,200,OK,Thread Group 1-68,text,true,441,6516
1370228960078,6518,/got2go.php,200,OK,Thread Group 1-70,text,true,441,6518
1370228960171,6479,/got2go.php,200,OK,Thread Group 1-69,text,true,441,6479
1370228960205,6603,/got2go.php,200,OK,Thread Group 1-73,text,true,441,6603
1370228960249,6606,/got2go.php,200,OK,Thread Group 1-75,text,true,441,6606
1370228960280,6594,/got2go.php,200,OK,Thread Group 1-74,text,true,441,6594
1370228960312,6607,/got2go.php,200,OK,Thread Group 1-76,text,true,441,6607
1370228960357,6596,/got2go.php,200,OK,Thread Group 1-5,text,true,441,6596
1370228960412,6664,/got2go.php,200,OK,Thread Group 1-71,text,true,441,6664
1370228960524,6589,/got2go.php,200,OK,Thread Group 1-79,text,true,441,6589
1370228960561,6609,/got2go.php,200,OK,Thread Group 1-77,text,true,441,6609
1370228960593,6692,/got2go.php,200,OK,Thread Group 1-78,text,true,441,6692
1370228960625,6688,/got2go.php,200,OK,Thread Group 1-80,text,true,441,6688
1370228960671,6750,/got2go.php,200,OK,Thread Group 1-72,text,true,441,6750
1370228960744,6745,/got2go.php,200,OK,Thread Group 1-82,text,true,441,6745
1370228960858,6734,/got2go.php,200,OK,Thread Group 1-1,text,true,441,6734
1370228960860,6773,/got2go.php,200,OK,Thread Group 1-86,text,true,441,6773
1370228961008,6664,/got2go.php,200,OK,Thread Group 1-87,text,true,441,6664
1370228961105,6614,/got2go.php,200,OK,Thread Group 1-81,text,true,441,6614
1370228961170,6709,/got2go.php,200,OK,Thread Group 1-83,text,true,441,6709
1370228961210,6677,/got2go.php,200,OK,Thread Group 1-84,text,true,441,6677
1370228961298,6669,/got2go.php,200,OK,Thread Group 1-85,text,true,441,6669
1370228961339,6684,/got2go.php,200,OK,Thread Group 1-90,text,true,441,6684
1370228961380,6701,/got2go.php,200,OK,Thread Group 1-89,text,true,441,6701
1370228961430,6710,/got2go.php,200,OK,Thread Group 1-92,text,true,441,6710
1370228961476,6732,/got2go.php,200,OK,Thread Group 1-88,text,true,441,6732
1370228961597,6654,/got2go.php,200,OK,Thread Group 1-94,text,true,441,6654
1370228961654,6632,/got2go.php,200,OK,Thread Group 1-91,text,true,441,6632
1370228961690,6664,/got2go.php,200,OK,Thread Group 1-97,text,true,441,6664
1370228961720,6687,/got2go.php,200,OK,Thread Group 1-93,text,true,441,6687
1370228961776,6739,/got2go.php,200,OK,Thread Group 1-6,text,true,441,6739
1370228961873,6704,/got2go.php,200,OK,Thread Group 1-100,text,true,441,6704
1370228961881,6819,/got2go.php,200,OK,Thread Group 1-99,text,true,441,6819
1370228961888,6908,/got2go.php,200,OK,Thread Group 1-98,text,true,441,6908
1370228961962,6922,/got2go.php,200,OK,Thread Group 1-7,text,true,441,6922
1370228962002,6999,/got2go.php,200,OK,Thread Group 1-10,text,true,441,6999
1370228962031,7082,/got2go.php,200,OK,Thread Group 1-9,text,true,441,7082
1370228961932,7292,/got2go.php,200,OK,Thread Group 1-96,text,true,441,7292
1370228962087,7207,/got2go.php,200,OK,Thread Group 1-12,text,true,441,7207
1370228962215,7169,/got2go.php,200,OK,Thread Group 1-13,text,true,441,7169
1370228962246,7204,/got2go.php,200,OK,Thread Group 1-11,text,true,441,7204
1370228962299,7208,/got2go.php,200,OK,Thread Group 1-16,text,true,441,7208
1370228962383,7222,/got2go.php,200,OK,Thread Group 1-14,text,true,441,7222
1370228962418,7230,/got2go.php,200,OK,Thread Group 1-17,text,true,441,7230
1370228962449,7261,/got2go.php,200,OK,Thread Group 1-19,text,true,441,7261
1370228962495,7351,/got2go.php,200,OK,Thread Group 1-95,text,true,441,7351
1370228962598,7284,/got2go.php,200,OK,Thread Group 1-18,text,true,441,7284
1370228962705,7347,/got2go.php,200,OK,Thread Group 1-15,text,true,441,7347
1370228962743,7335,/got2go.php,200,OK,Thread Group 1-20,text,true,441,7335
1370228962812,7468,/got2go.php,200,OK,Thread Group 1-8,text,true,441,7468
1370228962906,7447,/got2go.php,200,OK,Thread Group 1-21,text,true,441,7447
1370228962999,7534,/got2go.php,200,OK,Thread Group 1-24,text,true,441,7534
1370228963066,7695,/got2go.php,200,OK,Thread Group 1-22,text,true,441,7695
1370228962956,7912,/got2go.php,200,OK,Thread Group 1-23,text,true,441,7912
1370228963165,7742,/got2go.php,200,OK,Thread Group 1-26,text,true,441,7742
1370228963304,7696,/got2go.php,200,OK,Thread Group 1-25,text,true,441,7696
1370228963507,7777,/got2go.php,200,OK,Thread Group 1-31,text,true,441,7777
1370228963544,7792,/got2go.php,200,OK,Thread Group 1-30,text,true,441,7792
1370228963587,7967,/got2go.php,200,OK,Thread Group 1-29,text,true,441,7967
1370228963628,7970,/got2go.php,200,OK,Thread Group 1-32,text,true,441,7970
1370228963693,8081,/got2go.php,200,OK,Thread Group 1-33,text,true,441,8081
1370228963767,8112,/got2go.php,200,OK,Thread Group 1-35,text,true,441,8112
1370228963915,8231,/got2go.php,200,OK,Thread Group 1-34,text,true,441,8231
1370228963970,8287,/got2go.php,200,OK,Thread Group 1-39,text,true,441,8287
1370228964085,8210,/got2go.php,200,OK,Thread Group 1-40,text,true,441,8210
1370228964183,8125,/got2go.php,200,OK,Thread Group 1-38,text,true,441,8125
1370228964222,8130,/got2go.php,200,OK,Thread Group 1-27,text,true,441,8130
1370228964266,8108,/got2go.php,200,OK,Thread Group 1-43,text,true,441,8108
1370228964325,8103,/got2go.php,200,OK,Thread Group 1-28,text,true,441,8102
1370228964443,8009,/got2go.php,200,OK,Thread Group 1-42,text,true,441,8009
1370228964505,8024,/got2go.php,200,OK,Thread Group 1-47,text,true,441,8024
1370228964657,8013,/got2go.php,200,OK,Thread Group 1-45,text,true,441,8013
1370228964714,7994,/got2go.php,200,OK,Thread Group 1-36,text,true,441,7994
1370228964769,8101,/got2go.php,200,OK,Thread Group 1-46,text,true,441,8100
1370228964910,7969,/got2go.php,200,OK,Thread Group 1-51,text,true,441,7969
1370228964940,8010,/got2go.php,200,OK,Thread Group 1-52,text,true,441,8010
1370228964984,7987,/got2go.php,200,OK,Thread Group 1-44,text,true,441,7986
1370228965022,7981,/got2go.php,200,OK,Thread Group 1-41,text,true,441,7981
1370228965055,7988,/got2go.php,200,OK,Thread Group 1-50,text,true,441,7988
1370228965156,7926,/got2go.php,200,OK,Thread Group 1-56,text,true,441,7926
1370228965228,7916,/got2go.php,200,OK,Thread Group 1-53,text,true,441,7916
1370228965273,7963,/got2go.php,200,OK,Thread Group 1-48,text,true,441,7963
1370228965489,7866,/got2go.php,200,OK,Thread Group 1-55,text,true,441,7866
1370228965540,7989,/got2go.php,200,OK,Thread Group 1-59,text,true,441,7989
1370228965630,7961,/got2go.php,200,OK,Thread Group 1-57,text,true,441,7961
1370228965683,7971,/got2go.php,200,OK,Thread Group 1-54,text,true,441,7971
1370228965721,8194,/got2go.php,200,OK,Thread Group 1-49,text,true,441,8194
1370228965922,8029,/got2go.php,200,OK,Thread Group 1-58,text,true,441,8029
1370228965996,7987,/got2go.php,200,OK,Thread Group 1-62,text,true,441,7987
1370228966092,7914,/got2go.php,200,OK,Thread Group 1-64,text,true,441,7914
1370228966149,7928,/got2go.php,200,OK,Thread Group 1-37,text,true,441,7928
1370228966173,8147,/got2go.php,200,OK,Thread Group 1-67,text,true,441,8147
1370228966198,8131,/got2go.php,200,OK,Thread Group 1-63,text,true,441,8131
1370228966346,8020,/got2go.php,200,OK,Thread Group 1-65,text,true,441,8020
1370228966381,8020,/got2go.php,200,OK,Thread Group 1-60,text,true,441,8020
1370228966420,8036,/got2go.php,200,OK,Thread Group 1-66,text,true,441,8036
1370228966469,8025,/got2go.php,200,OK,Thread Group 1-61,text,true,441,8025
1370228966559,8011,/got2go.php,200,OK,Thread Group 1-68,text,true,441,8011
1370228966598,7987,/got2go.php,200,OK,Thread Group 1-70,text,true,441,7987
1370228966652,7933,/got2go.php,200,OK,Thread Group 1-69,text,true,441,7933
1370228966810,7797,/got2go.php,200,OK,Thread Group 1-73,text,true,441,7797
1370228966857,7795,/got2go.php,200,OK,Thread Group 1-75,text,true,441,7795
1370228966876,7785,/got2go.php,200,OK,Thread Group 1-74,text,true,441,7785
1370228966920,7802,/got2go.php,200,OK,Thread Group 1-76,text,true,441,7802
1370228967078,7675,/got2go.php,200,OK,Thread Group 1-71,text,true,441,7675
1370228967115,7651,/got2go.php,200,OK,Thread Group 1-79,text,true,441,7651
1370228967287,7594,/got2go.php,200,OK,Thread Group 1-78,text,true,441,7594
1370228967172,7709,/got2go.php,200,OK,Thread Group 1-77,text,true,441,7709
1370228967315,7654,/got2go.php,200,OK,Thread Group 1-80,text,true,441,7654
1370228967423,7575,/got2go.php,200,OK,Thread Group 1-72,text,true,441,7575
1370228967490,7539,/got2go.php,200,OK,Thread Group 1-82,text,true,441,7539
1370228967635,7418,/got2go.php,200,OK,Thread Group 1-86,text,true,441,7418
1370228967674,7429,/got2go.php,200,OK,Thread Group 1-87,text,true,441,7429
1370228967881,7281,/got2go.php,200,OK,Thread Group 1-83,text,true,441,7281
1370228967721,7441,/got2go.php,200,OK,Thread Group 1-81,text,true,441,7441
1370228967889,7313,/got2go.php,200,OK,Thread Group 1-84,text,true,441,7313
1370228967968,7338,/got2go.php,200,OK,Thread Group 1-85,text,true,441,7338
1370228968024,7398,/got2go.php,200,OK,Thread Group 1-90,text,true,441,7398
1370228968082,7429,/got2go.php,200,OK,Thread Group 1-89,text,true,441,7429
1370228968141,7410,/got2go.php,200,OK,Thread Group 1-92,text,true,441,7410
1370228968209,7355,/got2go.php,200,OK,Thread Group 1-88,text,true,441,7355
1370228968252,7405,/got2go.php,200,OK,Thread Group 1-94,text,true,441,7405
1370228968287,7420,/got2go.php,200,OK,Thread Group 1-91,text,true,441,7420
1370228968355,7351,/got2go.php,200,OK,Thread Group 1-97,text,true,441,7351
1370228968408,7370,/got2go.php,200,OK,Thread Group 1-93,text,true,441,7370
1370228968577,7227,/got2go.php,200,OK,Thread Group 1-100,text,true,441,7227
1370228968701,7427,/got2go.php,200,OK,Thread Group 1-99,text,true,441,7427
1370228968797,7372,/got2go.php,200,OK,Thread Group 1-98,text,true,441,7372
1370228969225,6982,/got2go.php,200,OK,Thread Group 1-96,text,true,441,6982
1370228969847,6360,/got2go.php,200,OK,Thread Group 1-95,text,true,441,6360
