1370230028899,316,/fetchreviews.php,200,OK,Thread Group 1-1,text,true,934,316
1370230028908,427,/fetchreviews.php,200,OK,Thread Group 1-2,text,true,934,427
1370230028917,496,/fetchreviews.php,200,OK,Thread Group 1-3,text,true,934,496
1370230028938,603,/fetchreviews.php,200,OK,Thread Group 1-5,text,true,934,603
1370230028927,666,/fetchreviews.php,200,OK,Thread Group 1-4,text,true,934,666
1370230028948,702,/fetchreviews.php,200,OK,Thread Group 1-6,text,true,934,702
1370230028980,722,/fetchreviews.php,200,OK,Thread Group 1-9,text,true,934,722
1370230028958,816,/fetchreviews.php,200,OK,Thread Group 1-7,text,true,934,816
1370230028990,818,/fetchreviews.php,200,OK,Thread Group 1-10,text,true,934,818
1370230029000,962,/fetchreviews.php,200,OK,Thread Group 1-11,text,true,934,962
1370230028968,1024,/fetchreviews.php,200,OK,Thread Group 1-8,text,true,934,1024
1370230029009,1103,/fetchreviews.php,200,OK,Thread Group 1-12,text,true,934,1103
1370230029020,1102,/fetchreviews.php,200,OK,Thread Group 1-13,text,true,934,1102
1370230029030,1174,/fetchreviews.php,200,OK,Thread Group 1-14,text,true,934,1174
1370230029040,1247,/fetchreviews.php,200,OK,Thread Group 1-15,text,true,934,1247
1370230029050,1366,/fetchreviews.php,200,OK,Thread Group 1-16,text,true,934,1366
1370230029060,1438,/fetchreviews.php,200,OK,Thread Group 1-17,text,true,934,1438
1370230029072,1511,/fetchreviews.php,200,OK,Thread Group 1-18,text,true,934,1511
1370230029091,1554,/fetchreviews.php,200,OK,Thread Group 1-20,text,true,934,1554
1370230029216,1597,/fetchreviews.php,200,OK,Thread Group 1-1,text,true,934,1597
1370230029081,1770,/fetchreviews.php,200,OK,Thread Group 1-19,text,true,934,1770
1370230029102,1809,/fetchreviews.php,200,OK,Thread Group 1-21,text,true,934,1809
1370230029111,1884,/fetchreviews.php,200,OK,Thread Group 1-22,text,true,934,1884
1370230029122,2043,/fetchreviews.php,200,OK,Thread Group 1-23,text,true,934,2043
1370230029142,2152,/fetchreviews.php,200,OK,Thread Group 1-25,text,true,934,2152
1370230029153,2192,/fetchreviews.php,200,OK,Thread Group 1-26,text,true,934,2192
1370230029132,2267,/fetchreviews.php,200,OK,Thread Group 1-24,text,true,934,2267
1370230029163,2321,/fetchreviews.php,200,OK,Thread Group 1-27,text,true,934,2321
1370230029337,2216,/fetchreviews.php,200,OK,Thread Group 1-2,text,true,934,2216
1370230029193,2515,/fetchreviews.php,200,OK,Thread Group 1-30,text,true,934,2515
1370230029204,2568,/fetchreviews.php,200,OK,Thread Group 1-31,text,true,934,2568
1370230029183,2652,/fetchreviews.php,200,OK,Thread Group 1-29,text,true,934,2652
1370230029224,2637,/fetchreviews.php,200,OK,Thread Group 1-33,text,true,934,2637
1370230029244,2664,/fetchreviews.php,200,OK,Thread Group 1-35,text,true,934,2664
1370230029215,2760,/fetchreviews.php,200,OK,Thread Group 1-32,text,true,934,2760
1370230029234,2922,/fetchreviews.php,200,OK,Thread Group 1-34,text,true,934,2922
1370230029254,2984,/fetchreviews.php,200,OK,Thread Group 1-36,text,true,934,2984
1370230029413,2967,/fetchreviews.php,200,OK,Thread Group 1-3,text,true,934,2967
1370230029270,3181,/fetchreviews.php,200,OK,Thread Group 1-37,text,true,934,3181
1370230029285,3178,/fetchreviews.php,200,OK,Thread Group 1-39,text,true,934,3178
1370230029295,3241,/fetchreviews.php,200,OK,Thread Group 1-40,text,true,934,3241
1370230029275,3312,/fetchreviews.php,200,OK,Thread Group 1-38,text,true,934,3312
1370230029346,3309,/fetchreviews.php,200,OK,Thread Group 1-45,text,true,934,3309
1370230029356,3366,/fetchreviews.php,200,OK,Thread Group 1-46,text,true,934,3366
1370230029306,3489,/fetchreviews.php,200,OK,Thread Group 1-41,text,true,934,3489
1370230029366,3489,/fetchreviews.php,200,OK,Thread Group 1-47,text,true,934,3489
1370230029326,3633,/fetchreviews.php,200,OK,Thread Group 1-43,text,true,934,3633
1370230029377,3650,/fetchreviews.php,200,OK,Thread Group 1-48,text,true,934,3650
1370230029315,3794,/fetchreviews.php,200,OK,Thread Group 1-42,text,true,934,3794
1370230029397,4090,/fetchreviews.php,200,OK,Thread Group 1-50,text,true,934,4090
1370230029337,4150,/fetchreviews.php,200,OK,Thread Group 1-44,text,true,934,4150
1370230029387,4101,/fetchreviews.php,200,OK,Thread Group 1-49,text,true,934,4101
1370230029418,4083,/fetchreviews.php,200,OK,Thread Group 1-52,text,true,934,4083
1370230029428,4121,/fetchreviews.php,200,OK,Thread Group 1-53,text,true,934,4121
1370230029542,4075,/fetchreviews.php,200,OK,Thread Group 1-5,text,true,934,4075
1370230029448,4238,/fetchreviews.php,200,OK,Thread Group 1-55,text,true,934,4238
1370230029458,4295,/fetchreviews.php,200,OK,Thread Group 1-56,text,true,934,4295
1370230029438,4392,/fetchreviews.php,200,OK,Thread Group 1-54,text,true,934,4392
1370230029479,4493,/fetchreviews.php,200,OK,Thread Group 1-58,text,true,934,4493
1370230029468,4781,/fetchreviews.php,200,OK,Thread Group 1-57,text,true,934,4781
1370230029489,4825,/fetchreviews.php,200,OK,Thread Group 1-59,text,true,934,4825
1370230029499,4906,/fetchreviews.php,200,OK,Thread Group 1-60,text,true,934,4906
1370230029594,4870,/fetchreviews.php,200,OK,Thread Group 1-4,text,true,934,4870
1370230029407,5100,/fetchreviews.php,200,OK,Thread Group 1-51,text,true,934,5100
1370230029509,5075,/fetchreviews.php,200,OK,Thread Group 1-61,text,true,934,5075
1370230029519,5075,/fetchreviews.php,200,OK,Thread Group 1-62,text,true,934,5075
1370230029541,5100,/fetchreviews.php,200,OK,Thread Group 1-64,text,true,934,5100
1370230029550,5135,/fetchreviews.php,200,OK,Thread Group 1-65,text,true,934,5135
1370230029651,5084,/fetchreviews.php,200,OK,Thread Group 1-6,text,true,934,5084
1370230029530,5267,/fetchreviews.php,200,OK,Thread Group 1-63,text,true,934,5267
1370230029580,5291,/fetchreviews.php,200,OK,Thread Group 1-68,text,true,934,5291
1370230029571,5334,/fetchreviews.php,200,OK,Thread Group 1-67,text,true,934,5334
1370230029560,5516,/fetchreviews.php,200,OK,Thread Group 1-66,text,true,934,5516
1370230029592,5563,/fetchreviews.php,200,OK,Thread Group 1-69,text,true,934,5563
1370230029601,5627,/fetchreviews.php,200,OK,Thread Group 1-70,text,true,934,5627
1370230029622,5674,/fetchreviews.php,200,OK,Thread Group 1-72,text,true,934,5674
1370230029703,5636,/fetchreviews.php,200,OK,Thread Group 1-9,text,true,934,5636
1370230029631,5791,/fetchreviews.php,200,OK,Thread Group 1-73,text,true,934,5791
1370230029611,5972,/fetchreviews.php,200,OK,Thread Group 1-71,text,true,934,5972
1370230029642,5985,/fetchreviews.php,200,OK,Thread Group 1-74,text,true,934,5985
1370230029173,6470,/fetchreviews.php,200,OK,Thread Group 1-28,text,true,934,6470
1370230029653,6146,/fetchreviews.php,200,OK,Thread Group 1-75,text,true,934,6146
1370230029662,6204,/fetchreviews.php,200,OK,Thread Group 1-76,text,true,934,6204
1370230029683,6298,/fetchreviews.php,200,OK,Thread Group 1-78,text,true,934,6298
1370230029777,6276,/fetchreviews.php,200,OK,Thread Group 1-7,text,true,934,6276
1370230029672,6437,/fetchreviews.php,200,OK,Thread Group 1-77,text,true,934,6437
1370230029812,6454,/fetchreviews.php,200,OK,Thread Group 1-10,text,true,934,6454
1370230029692,6747,/fetchreviews.php,200,OK,Thread Group 1-79,text,true,934,6747
1370230029704,6774,/fetchreviews.php,200,OK,Thread Group 1-80,text,true,934,6774
1370230029713,6829,/fetchreviews.php,200,OK,Thread Group 1-81,text,true,934,6829
1370230029744,6871,/fetchreviews.php,200,OK,Thread Group 1-84,text,true,934,6871
1370230029733,7060,/fetchreviews.php,200,OK,Thread Group 1-83,text,true,934,7060
1370230029754,7104,/fetchreviews.php,200,OK,Thread Group 1-85,text,true,934,7104
1370230029765,7293,/fetchreviews.php,200,OK,Thread Group 1-86,text,true,934,7293
1370230029723,7402,/fetchreviews.php,200,OK,Thread Group 1-82,text,true,934,7402
1370230029795,7510,/fetchreviews.php,200,OK,Thread Group 1-89,text,true,934,7510
1370230029816,7558,/fetchreviews.php,200,OK,Thread Group 1-91,text,true,934,7558
1370230029785,7612,/fetchreviews.php,200,OK,Thread Group 1-88,text,true,934,7612
1370230029836,7660,/fetchreviews.php,200,OK,Thread Group 1-93,text,true,934,7660
1370230029825,7685,/fetchreviews.php,200,OK,Thread Group 1-92,text,true,934,7685
1370230029845,7716,/fetchreviews.php,200,OK,Thread Group 1-94,text,true,934,7716
1370230029966,7671,/fetchreviews.php,200,OK,Thread Group 1-11,text,true,934,7671
1370230029855,7951,/fetchreviews.php,200,OK,Thread Group 1-95,text,true,934,7951
1370230029995,7868,/fetchreviews.php,200,OK,Thread Group 1-8,text,true,934,7868
1370230029923,8003,/fetchreviews.php,200,OK,Thread Group 1-99,text,true,934,8003
1370230029804,8276,/fetchreviews.php,200,OK,Thread Group 1-90,text,true,934,8276
1370230029924,8217,/fetchreviews.php,200,OK,Thread Group 1-97,text,true,934,8217
1370230029927,8312,/fetchreviews.php,200,OK,Thread Group 1-98,text,true,934,8312
1370230029867,8421,/fetchreviews.php,200,OK,Thread Group 1-96,text,true,934,8421
1370230029920,8440,/fetchreviews.php,200,OK,Thread Group 1-100,text,true,934,8440
1370230029775,8655,/fetchreviews.php,200,OK,Thread Group 1-87,text,true,934,8655
1370230030115,8374,/fetchreviews.php,200,OK,Thread Group 1-12,text,true,934,8374
1370230030125,8474,/fetchreviews.php,200,OK,Thread Group 1-13,text,true,934,8474
1370230030291,8427,/fetchreviews.php,200,OK,Thread Group 1-15,text,true,934,8427
1370230030208,8680,/fetchreviews.php,200,OK,Thread Group 1-14,text,true,934,8680
1370230030503,8584,/fetchreviews.php,200,OK,Thread Group 1-17,text,true,934,8584
1370230030419,8668,/fetchreviews.php,200,OK,Thread Group 1-16,text,true,934,8668
1370230030588,8572,/fetchreviews.php,200,OK,Thread Group 1-18,text,true,934,8572
1370230030650,8561,/fetchreviews.php,200,OK,Thread Group 1-20,text,true,934,8561
1370230030817,8511,/fetchreviews.php,200,OK,Thread Group 1-1,text,true,934,8511
1370230030854,8697,/fetchreviews.php,200,OK,Thread Group 1-19,text,true,934,8697
1370230030914,8818,/fetchreviews.php,200,OK,Thread Group 1-21,text,true,934,8818
1370230030999,8817,/fetchreviews.php,200,OK,Thread Group 1-22,text,true,934,8817
1370230031170,8783,/fetchreviews.php,200,OK,Thread Group 1-23,text,true,934,8783
1370230031298,8725,/fetchreviews.php,200,OK,Thread Group 1-25,text,true,934,8725
1370230031351,8903,/fetchreviews.php,200,OK,Thread Group 1-26,text,true,934,8903
1370230031403,8933,/fetchreviews.php,200,OK,Thread Group 1-24,text,true,934,8933
1370230031490,8915,/fetchreviews.php,200,OK,Thread Group 1-27,text,true,934,8915
1370230031558,8884,/fetchreviews.php,200,OK,Thread Group 1-2,text,true,934,8884
1370230031714,8828,/fetchreviews.php,200,OK,Thread Group 1-30,text,true,934,8828
1370230031776,8830,/fetchreviews.php,200,OK,Thread Group 1-31,text,true,934,8830
1370230031839,8907,/fetchreviews.php,200,OK,Thread Group 1-29,text,true,934,8907
1370230031866,8954,/fetchreviews.php,200,OK,Thread Group 1-33,text,true,934,8954
1370230031913,8939,/fetchreviews.php,200,OK,Thread Group 1-35,text,true,934,8939
1370230031980,8972,/fetchreviews.php,200,OK,Thread Group 1-32,text,true,934,8972
1370230032162,8847,/fetchreviews.php,200,OK,Thread Group 1-34,text,true,934,8847
1370230032243,8886,/fetchreviews.php,200,OK,Thread Group 1-36,text,true,934,8886
1370230032386,8848,/fetchreviews.php,200,OK,Thread Group 1-3,text,true,934,8848
1370230032456,8944,/fetchreviews.php,200,OK,Thread Group 1-37,text,true,934,8944
1370230032468,9060,/fetchreviews.php,200,OK,Thread Group 1-39,text,true,934,9060
1370230032541,9086,/fetchreviews.php,200,OK,Thread Group 1-40,text,true,934,9086
1370230032591,9169,/fetchreviews.php,200,OK,Thread Group 1-38,text,true,934,9169
1370230032661,9272,/fetchreviews.php,200,OK,Thread Group 1-45,text,true,934,9272
1370230032726,9424,/fetchreviews.php,200,OK,Thread Group 1-46,text,true,934,9424
1370230032799,9536,/fetchreviews.php,200,OK,Thread Group 1-41,text,true,934,9536
1370230032861,9608,/fetchreviews.php,200,OK,Thread Group 1-47,text,true,934,9608
1370230032964,9653,/fetchreviews.php,200,OK,Thread Group 1-43,text,true,934,9653
1370230033032,9779,/fetchreviews.php,200,OK,Thread Group 1-48,text,true,934,9779
1370230033113,9804,/fetchreviews.php,200,OK,Thread Group 1-42,text,true,934,9804
1370230033496,9590,/fetchreviews.php,200,OK,Thread Group 1-49,text,true,934,9590
1370230033492,9784,/fetchreviews.php,200,OK,Thread Group 1-50,text,true,934,9784
1370230033505,9847,/fetchreviews.php,200,OK,Thread Group 1-52,text,true,934,9847
1370230033554,10008,/fetchreviews.php,200,OK,Thread Group 1-53,text,true,934,10008
1370230033492,10265,/fetchreviews.php,200,OK,Thread Group 1-44,text,true,934,10265
1370230033623,10316,/fetchreviews.php,200,OK,Thread Group 1-5,text,true,934,10316
1370230033690,10473,/fetchreviews.php,200,OK,Thread Group 1-55,text,true,934,10473
1370230033758,10475,/fetchreviews.php,200,OK,Thread Group 1-56,text,true,934,10475
1370230033834,10479,/fetchreviews.php,200,OK,Thread Group 1-54,text,true,934,10479
1370230033976,10370,/fetchreviews.php,200,OK,Thread Group 1-58,text,true,934,10370
1370230034255,10152,/fetchreviews.php,200,OK,Thread Group 1-57,text,true,934,10152
1370230034318,10132,/fetchreviews.php,200,OK,Thread Group 1-59,text,true,934,10132
1370230034411,10123,/fetchreviews.php,200,OK,Thread Group 1-60,text,true,934,10123
1370230034470,10124,/fetchreviews.php,200,OK,Thread Group 1-4,text,true,934,10124
1370230034511,10089,/fetchreviews.php,200,OK,Thread Group 1-51,text,true,934,10089
1370230034589,10077,/fetchreviews.php,200,OK,Thread Group 1-61,text,true,934,10077
1370230034598,10167,/fetchreviews.php,200,OK,Thread Group 1-62,text,true,934,10167
1370230034645,10182,/fetchreviews.php,200,OK,Thread Group 1-64,text,true,934,10182
1370230034690,10194,/fetchreviews.php,200,OK,Thread Group 1-65,text,true,934,10194
1370230034741,10247,/fetchreviews.php,200,OK,Thread Group 1-6,text,true,934,10247
1370230034876,10156,/fetchreviews.php,200,OK,Thread Group 1-68,text,true,934,10156
1370230034909,10164,/fetchreviews.php,200,OK,Thread Group 1-67,text,true,934,10164
1370230034801,10296,/fetchreviews.php,200,OK,Thread Group 1-63,text,true,934,10296
1370230035159,10060,/fetchreviews.php,200,OK,Thread Group 1-69,text,true,934,10060
1370230035080,10139,/fetchreviews.php,200,OK,Thread Group 1-66,text,true,934,10139
1370230035232,10113,/fetchreviews.php,200,OK,Thread Group 1-70,text,true,934,10113
1370230035299,10110,/fetchreviews.php,200,OK,Thread Group 1-72,text,true,934,10110
1370230035343,10221,/fetchreviews.php,200,OK,Thread Group 1-9,text,true,934,10221
1370230035425,10162,/fetchreviews.php,200,OK,Thread Group 1-73,text,true,934,10162
1370230035588,10029,/fetchreviews.php,200,OK,Thread Group 1-71,text,true,934,10029
1370230035632,10069,/fetchreviews.php,200,OK,Thread Group 1-74,text,true,934,10069
1370230035648,10239,/fetchreviews.php,200,OK,Thread Group 1-28,text,true,934,10239
1370230035802,10155,/fetchreviews.php,200,OK,Thread Group 1-75,text,true,934,10155
1370230035869,10204,/fetchreviews.php,200,OK,Thread Group 1-76,text,true,934,10204
1370230035985,10143,/fetchreviews.php,200,OK,Thread Group 1-78,text,true,934,10143
1370230036057,10113,/fetchreviews.php,200,OK,Thread Group 1-7,text,true,934,10113
1370230036113,10145,/fetchreviews.php,200,OK,Thread Group 1-77,text,true,934,10145
1370230036271,10124,/fetchreviews.php,200,OK,Thread Group 1-10,text,true,934,10124
1370230036443,10174,/fetchreviews.php,200,OK,Thread Group 1-79,text,true,934,10174
1370230036484,10277,/fetchreviews.php,200,OK,Thread Group 1-80,text,true,934,10277
1370230036546,10528,/fetchreviews.php,200,OK,Thread Group 1-81,text,true,934,10528
1370230036621,10600,/fetchreviews.php,200,OK,Thread Group 1-84,text,true,934,10600
1370230036797,10507,/fetchreviews.php,200,OK,Thread Group 1-83,text,true,934,10507
1370230036862,10490,/fetchreviews.php,200,OK,Thread Group 1-85,text,true,934,10490
1370230037062,10426,/fetchreviews.php,200,OK,Thread Group 1-86,text,true,934,10426
1370230037129,10544,/fetchreviews.php,200,OK,Thread Group 1-82,text,true,934,10544
1370230037311,10434,/fetchreviews.php,200,OK,Thread Group 1-89,text,true,934,10434
1370230037379,10422,/fetchreviews.php,200,OK,Thread Group 1-91,text,true,934,10422
1370230037401,10556,/fetchreviews.php,200,OK,Thread Group 1-88,text,true,934,10556
1370230037501,10514,/fetchreviews.php,200,OK,Thread Group 1-93,text,true,934,10514
1370230037515,10567,/fetchreviews.php,200,OK,Thread Group 1-92,text,true,934,10567
1370230037566,10561,/fetchreviews.php,200,OK,Thread Group 1-94,text,true,934,10561
1370230037641,10546,/fetchreviews.php,200,OK,Thread Group 1-11,text,true,934,10546
1370230037810,10511,/fetchreviews.php,200,OK,Thread Group 1-95,text,true,934,10511
1370230037867,10531,/fetchreviews.php,200,OK,Thread Group 1-8,text,true,934,10531
1370230037930,10651,/fetchreviews.php,200,OK,Thread Group 1-99,text,true,934,10651
1370230038085,10582,/fetchreviews.php,200,OK,Thread Group 1-90,text,true,934,10582
1370230038147,10593,/fetchreviews.php,200,OK,Thread Group 1-97,text,true,934,10593
1370230038243,10649,/fetchreviews.php,200,OK,Thread Group 1-98,text,true,934,10649
1370230038292,10733,/fetchreviews.php,200,OK,Thread Group 1-96,text,true,934,10733
1370230038364,10954,/fetchreviews.php,200,OK,Thread Group 1-100,text,true,934,10954
1370230038436,11119,/fetchreviews.php,200,OK,Thread Group 1-87,text,true,934,11119
1370230038495,11204,/fetchreviews.php,200,OK,Thread Group 1-12,text,true,934,11204
1370230038604,11200,/fetchreviews.php,200,OK,Thread Group 1-13,text,true,934,11200
1370230038724,11246,/fetchreviews.php,200,OK,Thread Group 1-15,text,true,934,11246
1370230038894,11229,/fetchreviews.php,200,OK,Thread Group 1-14,text,true,934,11229
1370230039092,11101,/fetchreviews.php,200,OK,Thread Group 1-17,text,true,934,11101
1370230039092,11286,/fetchreviews.php,200,OK,Thread Group 1-16,text,true,934,11286
1370230039165,11392,/fetchreviews.php,200,OK,Thread Group 1-18,text,true,934,11392
1370230039215,11482,/fetchreviews.php,200,OK,Thread Group 1-20,text,true,934,11482
1370230039336,11409,/fetchreviews.php,200,OK,Thread Group 1-1,text,true,934,11409
1370230039556,11314,/fetchreviews.php,200,OK,Thread Group 1-19,text,true,934,11314
1370230039738,11295,/fetchreviews.php,200,OK,Thread Group 1-21,text,true,934,11295
1370230039820,11218,/fetchreviews.php,200,OK,Thread Group 1-22,text,true,934,11218
1370230039957,11212,/fetchreviews.php,200,OK,Thread Group 1-23,text,true,934,11212
1370230040026,11281,/fetchreviews.php,200,OK,Thread Group 1-25,text,true,934,11281
1370230040258,11122,/fetchreviews.php,200,OK,Thread Group 1-26,text,true,934,11122
1370230040340,11176,/fetchreviews.php,200,OK,Thread Group 1-24,text,true,934,11176
1370230040408,11281,/fetchreviews.php,200,OK,Thread Group 1-27,text,true,934,11281
1370230040445,11407,/fetchreviews.php,200,OK,Thread Group 1-2,text,true,934,11407
1370230040547,11311,/fetchreviews.php,200,OK,Thread Group 1-30,text,true,934,11311
1370230040609,11438,/fetchreviews.php,200,OK,Thread Group 1-31,text,true,934,11438
1370230040750,11349,/fetchreviews.php,200,OK,Thread Group 1-29,text,true,934,11349
1370230040825,11394,/fetchreviews.php,200,OK,Thread Group 1-33,text,true,934,11394
1370230040855,11446,/fetchreviews.php,200,OK,Thread Group 1-35,text,true,934,11446
1370230040957,11494,/fetchreviews.php,200,OK,Thread Group 1-32,text,true,934,11494
1370230041012,11638,/fetchreviews.php,200,OK,Thread Group 1-34,text,true,934,11638
1370230041133,11720,/fetchreviews.php,200,OK,Thread Group 1-36,text,true,934,11720
1370230041237,11683,/fetchreviews.php,200,OK,Thread Group 1-3,text,true,934,11683
1370230041404,11934,/fetchreviews.php,200,OK,Thread Group 1-37,text,true,934,11934
1370230041530,11862,/fetchreviews.php,200,OK,Thread Group 1-39,text,true,934,11862
1370230041631,11941,/fetchreviews.php,200,OK,Thread Group 1-40,text,true,934,11941
1370230041764,11864,/fetchreviews.php,200,OK,Thread Group 1-38,text,true,934,11864
1370230041934,11798,/fetchreviews.php,200,OK,Thread Group 1-45,text,true,934,11798
1370230042154,11724,/fetchreviews.php,200,OK,Thread Group 1-46,text,true,934,11723
1370230042339,11584,/fetchreviews.php,200,OK,Thread Group 1-41,text,true,934,11584
1370230042472,11528,/fetchreviews.php,200,OK,Thread Group 1-47,text,true,934,11528
1370230042620,11492,/fetchreviews.php,200,OK,Thread Group 1-43,text,true,934,11492
1370230042813,11406,/fetchreviews.php,200,OK,Thread Group 1-48,text,true,934,11406
1370230042920,11411,/fetchreviews.php,200,OK,Thread Group 1-42,text,true,934,11411
1370230043089,11302,/fetchreviews.php,200,OK,Thread Group 1-49,text,true,934,11302
1370230043280,11182,/fetchreviews.php,200,OK,Thread Group 1-50,text,true,934,11182
1370230043355,11222,/fetchreviews.php,200,OK,Thread Group 1-52,text,true,934,11222
1370230043566,11145,/fetchreviews.php,200,OK,Thread Group 1-53,text,true,934,11145
1370230043761,11153,/fetchreviews.php,200,OK,Thread Group 1-44,text,true,934,11153
1370230043942,11115,/fetchreviews.php,200,OK,Thread Group 1-5,text,true,934,11115
1370230044167,11018,/fetchreviews.php,200,OK,Thread Group 1-55,text,true,934,11018
1370230044236,11145,/fetchreviews.php,200,OK,Thread Group 1-56,text,true,934,11145
1370230044317,11144,/fetchreviews.php,200,OK,Thread Group 1-54,text,true,934,11144
1370230044349,11253,/fetchreviews.php,200,OK,Thread Group 1-58,text,true,934,11253
1370230044410,11359,/fetchreviews.php,200,OK,Thread Group 1-57,text,true,934,11359
1370230044453,11585,/fetchreviews.php,200,OK,Thread Group 1-59,text,true,934,11585
1370230044537,11649,/fetchreviews.php,200,OK,Thread Group 1-60,text,true,934,11649
1370230044598,11664,/fetchreviews.php,200,OK,Thread Group 1-4,text,true,934,11664
1370230044603,11749,/fetchreviews.php,200,OK,Thread Group 1-51,text,true,934,11749
1370230044670,11856,/fetchreviews.php,200,OK,Thread Group 1-61,text,true,934,11856
1370230044768,11818,/fetchreviews.php,200,OK,Thread Group 1-62,text,true,934,11818
1370230044829,11990,/fetchreviews.php,200,OK,Thread Group 1-64,text,true,934,11990
1370230044886,12064,/fetchreviews.php,200,OK,Thread Group 1-65,text,true,934,12064
1370230044990,12149,/fetchreviews.php,200,OK,Thread Group 1-6,text,true,934,12149
1370230045035,12242,/fetchreviews.php,200,OK,Thread Group 1-68,text,true,934,12242
1370230045075,12471,/fetchreviews.php,200,OK,Thread Group 1-67,text,true,934,12471
1370230045099,12585,/fetchreviews.php,200,OK,Thread Group 1-63,text,true,934,12585
1370230045223,12643,/fetchreviews.php,200,OK,Thread Group 1-69,text,true,934,12643
1370230045223,12722,/fetchreviews.php,200,OK,Thread Group 1-66,text,true,934,12722
1370230045349,12728,/fetchreviews.php,200,OK,Thread Group 1-70,text,true,934,12728
1370230045412,12764,/fetchreviews.php,200,OK,Thread Group 1-72,text,true,934,12764
1370230045569,12797,/fetchreviews.php,200,OK,Thread Group 1-9,text,true,934,12797
1370230045589,12890,/fetchreviews.php,200,OK,Thread Group 1-73,text,true,934,12890
1370230045621,12973,/fetchreviews.php,200,OK,Thread Group 1-71,text,true,934,12973
1370230045704,12969,/fetchreviews.php,200,OK,Thread Group 1-74,text,true,934,12969
1370230045888,12860,/fetchreviews.php,200,OK,Thread Group 1-28,text,true,934,12860
1370230045960,12927,/fetchreviews.php,200,OK,Thread Group 1-75,text,true,934,12927
1370230046075,12888,/fetchreviews.php,200,OK,Thread Group 1-76,text,true,934,12888
1370230046131,13012,/fetchreviews.php,200,OK,Thread Group 1-78,text,true,934,13012
1370230046172,13129,/fetchreviews.php,200,OK,Thread Group 1-7,text,true,934,13129
1370230046262,13098,/fetchreviews.php,200,OK,Thread Group 1-77,text,true,934,13098
1370230046399,13043,/fetchreviews.php,200,OK,Thread Group 1-10,text,true,934,13043
1370230046621,12976,/fetchreviews.php,200,OK,Thread Group 1-79,text,true,934,12976
1370230046765,13097,/fetchreviews.php,200,OK,Thread Group 1-80,text,true,934,13097
1370230047078,12918,/fetchreviews.php,200,OK,Thread Group 1-81,text,true,934,12917
1370230047225,12957,/fetchreviews.php,200,OK,Thread Group 1-84,text,true,934,12957
1370230047307,13005,/fetchreviews.php,200,OK,Thread Group 1-83,text,true,934,13005
1370230047356,13221,/fetchreviews.php,200,OK,Thread Group 1-85,text,true,934,13221
1370230047492,13154,/fetchreviews.php,200,OK,Thread Group 1-86,text,true,934,13154
1370230047678,13174,/fetchreviews.php,200,OK,Thread Group 1-82,text,true,934,13174
1370230047751,13123,/fetchreviews.php,200,OK,Thread Group 1-89,text,true,934,13123
1370230047804,13200,/fetchreviews.php,200,OK,Thread Group 1-91,text,true,934,13199
1370230047962,13147,/fetchreviews.php,200,OK,Thread Group 1-88,text,true,934,13147
1370230048019,13239,/fetchreviews.php,200,OK,Thread Group 1-93,text,true,934,13239
1370230048085,13395,/fetchreviews.php,200,OK,Thread Group 1-92,text,true,934,13395
1370230048130,13545,/fetchreviews.php,200,OK,Thread Group 1-94,text,true,934,13545
1370230048190,13606,/fetchreviews.php,200,OK,Thread Group 1-11,text,true,934,13606
1370230048326,13572,/fetchreviews.php,200,OK,Thread Group 1-95,text,true,934,13572
1370230048402,13605,/fetchreviews.php,200,OK,Thread Group 1-8,text,true,934,13605
1370230048586,13511,/fetchreviews.php,200,OK,Thread Group 1-99,text,true,934,13511
1370230048670,13779,/fetchreviews.php,200,OK,Thread Group 1-90,text,true,934,13779
1370230048743,13769,/fetchreviews.php,200,OK,Thread Group 1-97,text,true,934,13769
1370230048895,13785,/fetchreviews.php,200,OK,Thread Group 1-98,text,true,934,13785
1370230049029,13875,/fetchreviews.php,200,OK,Thread Group 1-96,text,true,934,13875
1370230049322,13787,/fetchreviews.php,200,OK,Thread Group 1-100,text,true,934,13787
1370230049559,13747,/fetchreviews.php,200,OK,Thread Group 1-87,text,true,934,13747
1370230049703,13761,/fetchreviews.php,200,OK,Thread Group 1-12,text,true,934,13761
1370230049807,13735,/fetchreviews.php,200,OK,Thread Group 1-13,text,true,934,13735
1370230049973,13747,/fetchreviews.php,200,OK,Thread Group 1-15,text,true,934,13747
1370230050126,13748,/fetchreviews.php,200,OK,Thread Group 1-14,text,true,934,13748
1370230050196,13876,/fetchreviews.php,200,OK,Thread Group 1-17,text,true,934,13876
1370230050381,13810,/fetchreviews.php,200,OK,Thread Group 1-16,text,true,934,13810
1370230050560,13795,/fetchreviews.php,200,OK,Thread Group 1-18,text,true,934,13795
1370230050702,13849,/fetchreviews.php,200,OK,Thread Group 1-20,text,true,934,13849
1370230050748,14005,/fetchreviews.php,200,OK,Thread Group 1-1,text,true,934,14005
1370230050877,14074,/fetchreviews.php,200,OK,Thread Group 1-19,text,true,934,14074
1370230051037,14095,/fetchreviews.php,200,OK,Thread Group 1-21,text,true,934,14095
1370230051041,14142,/fetchreviews.php,200,OK,Thread Group 1-22,text,true,934,14142
1370230051173,14091,/fetchreviews.php,200,OK,Thread Group 1-23,text,true,934,14091
1370230051310,14018,/fetchreviews.php,200,OK,Thread Group 1-25,text,true,934,14018
1370230051384,14089,/fetchreviews.php,200,OK,Thread Group 1-26,text,true,934,14089
1370230051519,14016,/fetchreviews.php,200,OK,Thread Group 1-24,text,true,934,14016
1370230051693,13988,/fetchreviews.php,200,OK,Thread Group 1-27,text,true,934,13988
1370230051856,13911,/fetchreviews.php,200,OK,Thread Group 1-2,text,true,934,13911
1370230051862,14066,/fetchreviews.php,200,OK,Thread Group 1-30,text,true,934,14066
1370230052052,13928,/fetchreviews.php,200,OK,Thread Group 1-31,text,true,934,13928
1370230052103,13981,/fetchreviews.php,200,OK,Thread Group 1-29,text,true,934,13981
1370230052223,13958,/fetchreviews.php,200,OK,Thread Group 1-33,text,true,934,13958
1370230052306,13958,/fetchreviews.php,200,OK,Thread Group 1-35,text,true,934,13958
1370230052456,13923,/fetchreviews.php,200,OK,Thread Group 1-32,text,true,934,13923
1370230052654,13789,/fetchreviews.php,200,OK,Thread Group 1-34,text,true,934,13789
1370230052857,13781,/fetchreviews.php,200,OK,Thread Group 1-36,text,true,934,13781
1370230052923,13770,/fetchreviews.php,200,OK,Thread Group 1-3,text,true,934,13770
1370230053341,13538,/fetchreviews.php,200,OK,Thread Group 1-37,text,true,934,13538
1370230053397,13598,/fetchreviews.php,200,OK,Thread Group 1-39,text,true,934,13598
1370230053578,13571,/fetchreviews.php,200,OK,Thread Group 1-40,text,true,934,13571
1370230053632,13667,/fetchreviews.php,200,OK,Thread Group 1-38,text,true,934,13667
1370230053738,13652,/fetchreviews.php,200,OK,Thread Group 1-45,text,true,934,13652
1370230053883,13650,/fetchreviews.php,200,OK,Thread Group 1-46,text,true,934,13650
1370230053927,13816,/fetchreviews.php,200,OK,Thread Group 1-41,text,true,934,13816
1370230054005,13818,/fetchreviews.php,200,OK,Thread Group 1-47,text,true,934,13818
1370230054117,13746,/fetchreviews.php,200,OK,Thread Group 1-43,text,true,934,13746
1370230054225,13867,/fetchreviews.php,200,OK,Thread Group 1-48,text,true,934,13867
1370230054335,13942,/fetchreviews.php,200,OK,Thread Group 1-42,text,true,934,13942
1370230054397,14036,/fetchreviews.php,200,OK,Thread Group 1-49,text,true,934,14036
1370230054468,14091,/fetchreviews.php,200,OK,Thread Group 1-50,text,true,934,14091
1370230054581,14096,/fetchreviews.php,200,OK,Thread Group 1-52,text,true,934,14096
1370230054716,14132,/fetchreviews.php,200,OK,Thread Group 1-53,text,true,934,14132
1370230054918,14016,/fetchreviews.php,200,OK,Thread Group 1-44,text,true,934,14016
1370230055061,13943,/fetchreviews.php,200,OK,Thread Group 1-5,text,true,934,13943
1370230055191,13841,/fetchreviews.php,200,OK,Thread Group 1-55,text,true,934,13841
1370230055388,13695,/fetchreviews.php,200,OK,Thread Group 1-56,text,true,934,13695
1370230055465,13752,/fetchreviews.php,200,OK,Thread Group 1-54,text,true,934,13752
1370230055608,13758,/fetchreviews.php,200,OK,Thread Group 1-58,text,true,934,13758
1370230055776,13706,/fetchreviews.php,200,OK,Thread Group 1-57,text,true,934,13706
1370230056042,13614,/fetchreviews.php,200,OK,Thread Group 1-59,text,true,934,13614
1370230056192,13537,/fetchreviews.php,200,OK,Thread Group 1-60,text,true,934,13537
1370230056268,13591,/fetchreviews.php,200,OK,Thread Group 1-4,text,true,934,13591
1370230056357,13644,/fetchreviews.php,200,OK,Thread Group 1-51,text,true,934,13644
1370230056529,13670,/fetchreviews.php,200,OK,Thread Group 1-61,text,true,934,13670
1370230056590,13689,/fetchreviews.php,200,OK,Thread Group 1-62,text,true,934,13689
1370230056823,13904,/fetchreviews.php,200,OK,Thread Group 1-64,text,true,934,13904
1370230056954,13975,/fetchreviews.php,200,OK,Thread Group 1-65,text,true,934,13975
1370230057143,14013,/fetchreviews.php,200,OK,Thread Group 1-6,text,true,934,14013
1370230057280,14094,/fetchreviews.php,200,OK,Thread Group 1-68,text,true,934,14094
1370230057549,14034,/fetchreviews.php,200,OK,Thread Group 1-67,text,true,934,14034
1370230057690,14108,/fetchreviews.php,200,OK,Thread Group 1-63,text,true,934,14108
1370230057871,14102,/fetchreviews.php,200,OK,Thread Group 1-69,text,true,934,14102
1370230057949,14075,/fetchreviews.php,200,OK,Thread Group 1-66,text,true,934,14075
1370230058081,14125,/fetchreviews.php,200,OK,Thread Group 1-70,text,true,934,14125
1370230058179,14202,/fetchreviews.php,200,OK,Thread Group 1-72,text,true,934,14202
1370230058371,14206,/fetchreviews.php,200,OK,Thread Group 1-9,text,true,934,14206
1370230058482,14244,/fetchreviews.php,200,OK,Thread Group 1-73,text,true,934,14244
1370230058598,14218,/fetchreviews.php,200,OK,Thread Group 1-71,text,true,934,14218
1370230058677,14257,/fetchreviews.php,200,OK,Thread Group 1-74,text,true,934,14257
1370230058753,14242,/fetchreviews.php,200,OK,Thread Group 1-28,text,true,934,14242
1370230058892,14250,/fetchreviews.php,200,OK,Thread Group 1-75,text,true,934,14250
1370230058967,14242,/fetchreviews.php,200,OK,Thread Group 1-76,text,true,934,14242
1370230059148,14192,/fetchreviews.php,200,OK,Thread Group 1-78,text,true,934,14192
1370230059304,14133,/fetchreviews.php,200,OK,Thread Group 1-7,text,true,934,14133
1370230059363,14246,/fetchreviews.php,200,OK,Thread Group 1-77,text,true,934,14246
1370230059446,14244,/fetchreviews.php,200,OK,Thread Group 1-10,text,true,934,14244
1370230059599,14241,/fetchreviews.php,200,OK,Thread Group 1-79,text,true,934,14241
1370230059865,14077,/fetchreviews.php,200,OK,Thread Group 1-80,text,true,934,14077
1370230059999,14087,/fetchreviews.php,200,OK,Thread Group 1-81,text,true,934,14087
1370230060186,14187,/fetchreviews.php,200,OK,Thread Group 1-84,text,true,934,14187
1370230060315,14259,/fetchreviews.php,200,OK,Thread Group 1-83,text,true,934,14259
1370230060579,14151,/fetchreviews.php,200,OK,Thread Group 1-85,text,true,934,14151
1370230060650,14300,/fetchreviews.php,200,OK,Thread Group 1-86,text,true,934,14300
1370230060855,14129,/fetchreviews.php,200,OK,Thread Group 1-82,text,true,934,14129
1370230060876,14397,/fetchreviews.php,200,OK,Thread Group 1-89,text,true,934,14397
1370230061005,14391,/fetchreviews.php,200,OK,Thread Group 1-91,text,true,934,14391
1370230061111,14308,/fetchreviews.php,200,OK,Thread Group 1-88,text,true,934,14308
1370230061261,14304,/fetchreviews.php,200,OK,Thread Group 1-93,text,true,934,14304
1370230061485,14271,/fetchreviews.php,200,OK,Thread Group 1-92,text,true,934,14271
1370230061678,14202,/fetchreviews.php,200,OK,Thread Group 1-94,text,true,934,14202
1370230061798,14208,/fetchreviews.php,200,OK,Thread Group 1-11,text,true,934,14208
1370230061901,14172,/fetchreviews.php,200,OK,Thread Group 1-95,text,true,934,14172
1370230062010,14180,/fetchreviews.php,200,OK,Thread Group 1-8,text,true,934,14180
1370230062100,14167,/fetchreviews.php,200,OK,Thread Group 1-99,text,true,934,14167
1370230062451,13874,/fetchreviews.php,200,OK,Thread Group 1-90,text,true,934,13874
1370230062517,14061,/fetchreviews.php,200,OK,Thread Group 1-97,text,true,934,14061
1370230062685,13947,/fetchreviews.php,200,OK,Thread Group 1-98,text,true,934,13947
1370230062907,13815,/fetchreviews.php,200,OK,Thread Group 1-96,text,true,934,13815
1370230063113,13800,/fetchreviews.php,200,OK,Thread Group 1-100,text,true,934,13800
1370230063310,13780,/fetchreviews.php,200,OK,Thread Group 1-87,text,true,934,13780
1370230063469,13689,/fetchreviews.php,200,OK,Thread Group 1-12,text,true,934,13689
1370230063547,13733,/fetchreviews.php,200,OK,Thread Group 1-13,text,true,934,13733
1370230063724,13621,/fetchreviews.php,200,OK,Thread Group 1-15,text,true,934,13621
1370230063878,13541,/fetchreviews.php,200,OK,Thread Group 1-14,text,true,934,13541
1370230064075,13472,/fetchreviews.php,200,OK,Thread Group 1-17,text,true,934,13472
1370230064195,13409,/fetchreviews.php,200,OK,Thread Group 1-16,text,true,934,13409
1370230064360,13310,/fetchreviews.php,200,OK,Thread Group 1-18,text,true,934,13310
1370230064555,13256,/fetchreviews.php,200,OK,Thread Group 1-20,text,true,934,13256
1370230064758,13165,/fetchreviews.php,200,OK,Thread Group 1-1,text,true,934,13165
1370230064955,13105,/fetchreviews.php,200,OK,Thread Group 1-19,text,true,934,13105
1370230065136,13092,/fetchreviews.php,200,OK,Thread Group 1-21,text,true,934,13092
1370230065188,13155,/fetchreviews.php,200,OK,Thread Group 1-22,text,true,934,13155
1370230065268,13280,/fetchreviews.php,200,OK,Thread Group 1-23,text,true,934,13280
1370230065332,13344,/fetchreviews.php,200,OK,Thread Group 1-25,text,true,934,13344
1370230065476,13374,/fetchreviews.php,200,OK,Thread Group 1-26,text,true,934,13374
1370230065540,13436,/fetchreviews.php,200,OK,Thread Group 1-24,text,true,934,13436
1370230065686,13428,/fetchreviews.php,200,OK,Thread Group 1-27,text,true,934,13428
1370230065771,13444,/fetchreviews.php,200,OK,Thread Group 1-2,text,true,934,13444
1370230065932,13355,/fetchreviews.php,200,OK,Thread Group 1-30,text,true,934,13355
1370230065984,13403,/fetchreviews.php,200,OK,Thread Group 1-31,text,true,934,13403
1370230066089,13367,/fetchreviews.php,200,OK,Thread Group 1-29,text,true,934,13367
1370230066185,13356,/fetchreviews.php,200,OK,Thread Group 1-33,text,true,934,13356
1370230066268,13508,/fetchreviews.php,200,OK,Thread Group 1-35,text,true,934,13508
1370230066383,13587,/fetchreviews.php,200,OK,Thread Group 1-32,text,true,934,13587
1370230066446,13889,/fetchreviews.php,200,OK,Thread Group 1-34,text,true,934,13889
1370230066641,13765,/fetchreviews.php,200,OK,Thread Group 1-36,text,true,934,13765
1370230066697,13793,/fetchreviews.php,200,OK,Thread Group 1-3,text,true,934,13793
1370230066883,13847,/fetchreviews.php,200,OK,Thread Group 1-37,text,true,934,13847
1370230066998,13890,/fetchreviews.php,200,OK,Thread Group 1-39,text,true,934,13890
1370230067153,13793,/fetchreviews.php,200,OK,Thread Group 1-40,text,true,934,13793
1370230067302,13795,/fetchreviews.php,200,OK,Thread Group 1-38,text,true,934,13795
1370230067394,13795,/fetchreviews.php,200,OK,Thread Group 1-45,text,true,934,13795
1370230067541,13791,/fetchreviews.php,200,OK,Thread Group 1-46,text,true,934,13791
1370230067747,13663,/fetchreviews.php,200,OK,Thread Group 1-41,text,true,934,13663
1370230067827,13655,/fetchreviews.php,200,OK,Thread Group 1-47,text,true,934,13655
1370230067866,13822,/fetchreviews.php,200,OK,Thread Group 1-43,text,true,934,13822
1370230068095,13756,/fetchreviews.php,200,OK,Thread Group 1-48,text,true,934,13756
1370230068280,13685,/fetchreviews.php,200,OK,Thread Group 1-42,text,true,934,13685
1370230068437,13702,/fetchreviews.php,200,OK,Thread Group 1-49,text,true,934,13702
1370230068562,13781,/fetchreviews.php,200,OK,Thread Group 1-50,text,true,934,13781
1370230068680,13779,/fetchreviews.php,200,OK,Thread Group 1-52,text,true,934,13779
1370230068853,13715,/fetchreviews.php,200,OK,Thread Group 1-53,text,true,934,13715
1370230068938,13791,/fetchreviews.php,200,OK,Thread Group 1-44,text,true,934,13791
1370230069007,13867,/fetchreviews.php,200,OK,Thread Group 1-5,text,true,934,13867
1370230069034,13989,/fetchreviews.php,200,OK,Thread Group 1-55,text,true,934,13989
1370230069086,14195,/fetchreviews.php,200,OK,Thread Group 1-56,text,true,934,14195
1370230069220,14176,/fetchreviews.php,200,OK,Thread Group 1-54,text,true,934,14176
1370230069370,14103,/fetchreviews.php,200,OK,Thread Group 1-58,text,true,934,14103
1370230069485,14137,/fetchreviews.php,200,OK,Thread Group 1-57,text,true,934,14137
1370230069660,14038,/fetchreviews.php,200,OK,Thread Group 1-59,text,true,934,14038
1370230069732,14140,/fetchreviews.php,200,OK,Thread Group 1-60,text,true,934,14140
1370230069862,14143,/fetchreviews.php,200,OK,Thread Group 1-4,text,true,934,14143
1370230070006,14073,/fetchreviews.php,200,OK,Thread Group 1-51,text,true,934,14073
1370230070205,14008,/fetchreviews.php,200,OK,Thread Group 1-61,text,true,934,14008
1370230070284,14051,/fetchreviews.php,200,OK,Thread Group 1-62,text,true,934,14051
1370230070731,13778,/fetchreviews.php,200,OK,Thread Group 1-64,text,true,934,13778
1370230070934,13678,/fetchreviews.php,200,OK,Thread Group 1-65,text,true,934,13678
1370230071162,13520,/fetchreviews.php,200,OK,Thread Group 1-6,text,true,934,13520
1370230071378,13391,/fetchreviews.php,200,OK,Thread Group 1-68,text,true,934,13391
1370230071587,13275,/fetchreviews.php,200,OK,Thread Group 1-67,text,true,934,13275
1370230071801,13126,/fetchreviews.php,200,OK,Thread Group 1-63,text,true,934,13126
1370230071977,13111,/fetchreviews.php,200,OK,Thread Group 1-69,text,true,934,13111
1370230072028,13411,/fetchreviews.php,200,OK,Thread Group 1-66,text,true,934,13411
1370230072212,13255,/fetchreviews.php,200,OK,Thread Group 1-70,text,true,934,13255
1370230072384,13137,/fetchreviews.php,200,OK,Thread Group 1-72,text,true,934,13137
1370230072580,13242,/fetchreviews.php,200,OK,Thread Group 1-9,text,true,934,13242
1370230072730,13269,/fetchreviews.php,200,OK,Thread Group 1-73,text,true,934,13269
1370230072819,13292,/fetchreviews.php,200,OK,Thread Group 1-71,text,true,934,13292
1370230072939,13407,/fetchreviews.php,200,OK,Thread Group 1-74,text,true,934,13407
1370230073145,13242,/fetchreviews.php,200,OK,Thread Group 1-75,text,true,934,13242
1370230073214,13309,/fetchreviews.php,200,OK,Thread Group 1-76,text,true,934,13309
1370230073344,13312,/fetchreviews.php,200,OK,Thread Group 1-78,text,true,934,13312
1370230072998,13773,/fetchreviews.php,200,OK,Thread Group 1-28,text,true,934,13773
1370230073442,13507,/fetchreviews.php,200,OK,Thread Group 1-7,text,true,934,13507
1370230073614,13387,/fetchreviews.php,200,OK,Thread Group 1-77,text,true,934,13387
1370230073695,13377,/fetchreviews.php,200,OK,Thread Group 1-10,text,true,934,13377
1370230073843,13366,/fetchreviews.php,200,OK,Thread Group 1-79,text,true,934,13366
1370230073946,13346,/fetchreviews.php,200,OK,Thread Group 1-80,text,true,934,13346
1370230074091,13285,/fetchreviews.php,200,OK,Thread Group 1-81,text,true,934,13285
1370230074375,13084,/fetchreviews.php,200,OK,Thread Group 1-84,text,true,934,13084
1370230074577,13088,/fetchreviews.php,200,OK,Thread Group 1-83,text,true,934,13088
1370230074735,13240,/fetchreviews.php,200,OK,Thread Group 1-85,text,true,934,13240
1370230074953,13266,/fetchreviews.php,200,OK,Thread Group 1-86,text,true,934,13266
1370230074987,13405,/fetchreviews.php,200,OK,Thread Group 1-82,text,true,934,13405
1370230075278,13192,/fetchreviews.php,200,OK,Thread Group 1-89,text,true,934,13192
1370230075399,13234,/fetchreviews.php,200,OK,Thread Group 1-91,text,true,934,13234
1370230075423,13440,/fetchreviews.php,200,OK,Thread Group 1-88,text,true,934,13440
1370230075570,13366,/fetchreviews.php,200,OK,Thread Group 1-93,text,true,934,13366
1370230075758,13281,/fetchreviews.php,200,OK,Thread Group 1-92,text,true,934,13281
1370230075884,13263,/fetchreviews.php,200,OK,Thread Group 1-94,text,true,934,13263
1370230076008,13256,/fetchreviews.php,200,OK,Thread Group 1-11,text,true,934,13256
1370230076077,13256,/fetchreviews.php,200,OK,Thread Group 1-95,text,true,934,13256
1370230076192,13339,/fetchreviews.php,200,OK,Thread Group 1-8,text,true,934,13339
1370230076270,13508,/fetchreviews.php,200,OK,Thread Group 1-99,text,true,934,13508
1370230076327,13504,/fetchreviews.php,200,OK,Thread Group 1-90,text,true,934,13504
1370230076581,13326,/fetchreviews.php,200,OK,Thread Group 1-97,text,true,934,13326
1370230076635,13643,/fetchreviews.php,200,OK,Thread Group 1-98,text,true,934,13643
1370230076727,13690,/fetchreviews.php,200,OK,Thread Group 1-96,text,true,934,13690
1370230076916,13781,/fetchreviews.php,200,OK,Thread Group 1-100,text,true,934,13781
1370230077093,13867,/fetchreviews.php,200,OK,Thread Group 1-87,text,true,934,13867
1370230077162,13986,/fetchreviews.php,200,OK,Thread Group 1-12,text,true,934,13986
1370230077349,13991,/fetchreviews.php,200,OK,Thread Group 1-15,text,true,934,13991
1370230077422,13944,/fetchreviews.php,200,OK,Thread Group 1-14,text,true,934,13944
1370230077551,13927,/fetchreviews.php,200,OK,Thread Group 1-17,text,true,934,13927
1370230077608,13962,/fetchreviews.php,200,OK,Thread Group 1-16,text,true,934,13962
1370230077673,13962,/fetchreviews.php,200,OK,Thread Group 1-18,text,true,934,13962
1370230077285,14512,/fetchreviews.php,200,OK,Thread Group 1-13,text,true,934,14512
1370230077814,14077,/fetchreviews.php,200,OK,Thread Group 1-20,text,true,934,14077
1370230077926,14085,/fetchreviews.php,200,OK,Thread Group 1-1,text,true,934,14085
1370230078063,14025,/fetchreviews.php,200,OK,Thread Group 1-19,text,true,934,14025
1370230078231,13917,/fetchreviews.php,200,OK,Thread Group 1-21,text,true,934,13917
1370230078551,13635,/fetchreviews.php,200,OK,Thread Group 1-23,text,true,934,13635
1370230078680,13643,/fetchreviews.php,200,OK,Thread Group 1-25,text,true,934,13643
1370230078855,13519,/fetchreviews.php,200,OK,Thread Group 1-26,text,true,934,13519
1370230078348,14214,/fetchreviews.php,200,OK,Thread Group 1-22,text,true,934,14214
1370230078981,13730,/fetchreviews.php,200,OK,Thread Group 1-24,text,true,934,13730
1370230079117,13659,/fetchreviews.php,200,OK,Thread Group 1-27,text,true,934,13659
1370230079219,13618,/fetchreviews.php,200,OK,Thread Group 1-2,text,true,934,13618
1370230079291,13710,/fetchreviews.php,200,OK,Thread Group 1-30,text,true,934,13710
1370230079390,13697,/fetchreviews.php,200,OK,Thread Group 1-31,text,true,934,13697
1370230079461,13671,/fetchreviews.php,200,OK,Thread Group 1-29,text,true,934,13671
1370230079546,13646,/fetchreviews.php,200,OK,Thread Group 1-33,text,true,934,13646
1370230079780,13531,/fetchreviews.php,200,OK,Thread Group 1-35,text,true,934,13531
1370230079975,13385,/fetchreviews.php,200,OK,Thread Group 1-32,text,true,934,13385
1370230080341,13080,/fetchreviews.php,200,OK,Thread Group 1-34,text,true,934,13080
1370230080410,13047,/fetchreviews.php,200,OK,Thread Group 1-36,text,true,934,13047
1370230080494,13032,/fetchreviews.php,200,OK,Thread Group 1-3,text,true,934,13032
1370230080735,12924,/fetchreviews.php,200,OK,Thread Group 1-37,text,true,934,12924
1370230080892,12828,/fetchreviews.php,200,OK,Thread Group 1-39,text,true,934,12828
1370230081100,12684,/fetchreviews.php,200,OK,Thread Group 1-38,text,true,934,12684
1370230080950,12897,/fetchreviews.php,200,OK,Thread Group 1-40,text,true,934,12897
1370230081194,12794,/fetchreviews.php,200,OK,Thread Group 1-45,text,true,934,12794
1370230081336,12675,/fetchreviews.php,200,OK,Thread Group 1-46,text,true,934,12675
1370230081414,12669,/fetchreviews.php,200,OK,Thread Group 1-41,text,true,934,12669
1370230081485,12887,/fetchreviews.php,200,OK,Thread Group 1-47,text,true,934,12887
1370230081693,12734,/fetchreviews.php,200,OK,Thread Group 1-43,text,true,934,12734
1370230081854,12640,/fetchreviews.php,200,OK,Thread Group 1-48,text,true,934,12640
1370230081969,12581,/fetchreviews.php,200,OK,Thread Group 1-42,text,true,934,12581
1370230082143,12449,/fetchreviews.php,200,OK,Thread Group 1-49,text,true,934,12449
1370230082346,12308,/fetchreviews.php,200,OK,Thread Group 1-50,text,true,934,12308
1370230082463,12392,/fetchreviews.php,200,OK,Thread Group 1-52,text,true,934,12392
1370230082572,12385,/fetchreviews.php,200,OK,Thread Group 1-53,text,true,934,12385
1370230082733,12270,/fetchreviews.php,200,OK,Thread Group 1-44,text,true,934,12270
1370230082878,12207,/fetchreviews.php,200,OK,Thread Group 1-5,text,true,934,12207
1370230083028,12103,/fetchreviews.php,200,OK,Thread Group 1-55,text,true,934,12103
1370230083285,11983,/fetchreviews.php,200,OK,Thread Group 1-56,text,true,934,11983
1370230083401,11939,/fetchreviews.php,200,OK,Thread Group 1-54,text,true,934,11939
1370230083478,12075,/fetchreviews.php,200,OK,Thread Group 1-58,text,true,934,12075
1370230083626,12087,/fetchreviews.php,200,OK,Thread Group 1-57,text,true,934,12087
1370230083703,12174,/fetchreviews.php,200,OK,Thread Group 1-59,text,true,934,12174
1370230083877,12068,/fetchreviews.php,200,OK,Thread Group 1-60,text,true,934,12068
1370230084009,12028,/fetchreviews.php,200,OK,Thread Group 1-4,text,true,934,12028
1370230084083,12322,/fetchreviews.php,200,OK,Thread Group 1-51,text,true,934,12322
1370230084217,12278,/fetchreviews.php,200,OK,Thread Group 1-61,text,true,934,12278
1370230084339,12378,/fetchreviews.php,200,OK,Thread Group 1-62,text,true,934,12378
1370230084513,12341,/fetchreviews.php,200,OK,Thread Group 1-64,text,true,934,12341
1370230084617,12385,/fetchreviews.php,200,OK,Thread Group 1-65,text,true,934,12385
1370230084685,12408,/fetchreviews.php,200,OK,Thread Group 1-6,text,true,934,12408
1370230084866,12390,/fetchreviews.php,200,OK,Thread Group 1-67,text,true,934,12390
1370230084933,12370,/fetchreviews.php,200,OK,Thread Group 1-63,text,true,934,12370
1370230085093,12313,/fetchreviews.php,200,OK,Thread Group 1-69,text,true,934,12313
1370230085446,12062,/fetchreviews.php,200,OK,Thread Group 1-66,text,true,934,12062
1370230085472,12105,/fetchreviews.php,200,OK,Thread Group 1-70,text,true,934,12105
1370230085525,12095,/fetchreviews.php,200,OK,Thread Group 1-72,text,true,934,12095
1370230084774,12947,/fetchreviews.php,200,OK,Thread Group 1-68,text,true,934,12947
1370230085827,12064,/fetchreviews.php,200,OK,Thread Group 1-9,text,true,934,12064
1370230086005,11936,/fetchreviews.php,200,OK,Thread Group 1-73,text,true,934,11936
1370230086117,11893,/fetchreviews.php,200,OK,Thread Group 1-71,text,true,934,11893
1370230086350,11804,/fetchreviews.php,200,OK,Thread Group 1-74,text,true,934,11804
1370230086391,11846,/fetchreviews.php,200,OK,Thread Group 1-75,text,true,934,11846
1370230086527,11782,/fetchreviews.php,200,OK,Thread Group 1-76,text,true,934,11782
1370230086662,11801,/fetchreviews.php,200,OK,Thread Group 1-78,text,true,934,11801
1370230086777,11874,/fetchreviews.php,200,OK,Thread Group 1-28,text,true,934,11874
1370230086955,11743,/fetchreviews.php,200,OK,Thread Group 1-7,text,true,934,11743
1370230087006,11770,/fetchreviews.php,200,OK,Thread Group 1-77,text,true,934,11770
1370230087213,11714,/fetchreviews.php,200,OK,Thread Group 1-79,text,true,934,11714
1370230087297,11708,/fetchreviews.php,200,OK,Thread Group 1-80,text,true,934,11708
1370230087380,11750,/fetchreviews.php,200,OK,Thread Group 1-81,text,true,934,11750
1370230087076,12143,/fetchreviews.php,200,OK,Thread Group 1-10,text,true,934,12143
1370230087465,11893,/fetchreviews.php,200,OK,Thread Group 1-84,text,true,934,11893
1370230087670,11850,/fetchreviews.php,200,OK,Thread Group 1-83,text,true,934,11850
1370230087982,11679,/fetchreviews.php,200,OK,Thread Group 1-85,text,true,934,11679
1370230088224,11521,/fetchreviews.php,200,OK,Thread Group 1-86,text,true,934,11521
1370230088398,11605,/fetchreviews.php,200,OK,Thread Group 1-82,text,true,934,11605
1370230088475,11600,/fetchreviews.php,200,OK,Thread Group 1-89,text,true,934,11600
1370230088638,11515,/fetchreviews.php,200,OK,Thread Group 1-91,text,true,934,11515
1370230088868,11480,/fetchreviews.php,200,OK,Thread Group 1-88,text,true,934,11480
1370230088941,11572,/fetchreviews.php,200,OK,Thread Group 1-93,text,true,934,11572
1370230089044,11604,/fetchreviews.php,200,OK,Thread Group 1-92,text,true,934,11604
1370230089151,11602,/fetchreviews.php,200,OK,Thread Group 1-94,text,true,934,11602
1370230089270,11643,/fetchreviews.php,200,OK,Thread Group 1-11,text,true,934,11643
1370230089339,11624,/fetchreviews.php,200,OK,Thread Group 1-95,text,true,934,11624
1370230089536,11610,/fetchreviews.php,200,OK,Thread Group 1-8,text,true,934,11610
1370230089783,11557,/fetchreviews.php,200,OK,Thread Group 1-99,text,true,934,11557
1370230089836,11700,/fetchreviews.php,200,OK,Thread Group 1-90,text,true,934,11700
1370230089911,11771,/fetchreviews.php,200,OK,Thread Group 1-97,text,true,934,11771
1370230090283,11449,/fetchreviews.php,200,OK,Thread Group 1-98,text,true,934,11449
1370230090421,11359,/fetchreviews.php,200,OK,Thread Group 1-96,text,true,934,11359
1370230090702,11174,/fetchreviews.php,200,OK,Thread Group 1-100,text,true,934,11174
1370230090965,11050,/fetchreviews.php,200,OK,Thread Group 1-87,text,true,934,11050
1370230091153,10965,/fetchreviews.php,200,OK,Thread Group 1-12,text,true,934,10965
1370230091345,10875,/fetchreviews.php,200,OK,Thread Group 1-15,text,true,934,10875
1370230091371,10981,/fetchreviews.php,200,OK,Thread Group 1-14,text,true,934,10981
1370230091575,10847,/fetchreviews.php,200,OK,Thread Group 1-16,text,true,934,10847
1370230091639,10933,/fetchreviews.php,200,OK,Thread Group 1-18,text,true,934,10933
1370230091799,10880,/fetchreviews.php,200,OK,Thread Group 1-13,text,true,934,10880
1370230091895,10979,/fetchreviews.php,200,OK,Thread Group 1-20,text,true,934,10979
1370230091481,11546,/fetchreviews.php,200,OK,Thread Group 1-17,text,true,934,11546
1370230092015,11219,/fetchreviews.php,200,OK,Thread Group 1-1,text,true,934,11219
1370230092091,11233,/fetchreviews.php,200,OK,Thread Group 1-19,text,true,934,11233
1370230092151,11334,/fetchreviews.php,200,OK,Thread Group 1-21,text,true,934,11334
1370230092189,11375,/fetchreviews.php,200,OK,Thread Group 1-23,text,true,934,11375
1370230092328,11440,/fetchreviews.php,200,OK,Thread Group 1-25,text,true,934,11440
1370230092379,11533,/fetchreviews.php,200,OK,Thread Group 1-26,text,true,934,11533
1370230092567,11440,/fetchreviews.php,200,OK,Thread Group 1-22,text,true,934,11440
1370230092716,11420,/fetchreviews.php,200,OK,Thread Group 1-24,text,true,934,11420
1370230092781,11431,/fetchreviews.php,200,OK,Thread Group 1-27,text,true,934,11431
1370230092840,11501,/fetchreviews.php,200,OK,Thread Group 1-2,text,true,934,11501
1370230093005,11494,/fetchreviews.php,200,OK,Thread Group 1-30,text,true,934,11494
1370230093091,11497,/fetchreviews.php,200,OK,Thread Group 1-31,text,true,934,11497
1370230093135,11502,/fetchreviews.php,200,OK,Thread Group 1-29,text,true,934,11502
1370230093196,11522,/fetchreviews.php,200,OK,Thread Group 1-33,text,true,934,11522
1370230093316,11585,/fetchreviews.php,200,OK,Thread Group 1-35,text,true,934,11585
1370230093364,11673,/fetchreviews.php,200,OK,Thread Group 1-32,text,true,934,11673
1370230093426,11753,/fetchreviews.php,200,OK,Thread Group 1-34,text,true,934,11753
1370230093461,11777,/fetchreviews.php,200,OK,Thread Group 1-36,text,true,934,11777
1370230093529,11768,/fetchreviews.php,200,OK,Thread Group 1-3,text,true,934,11768
1370230093663,11693,/fetchreviews.php,200,OK,Thread Group 1-37,text,true,934,11693
1370230093723,11696,/fetchreviews.php,200,OK,Thread Group 1-39,text,true,934,11696
1370230093788,11789,/fetchreviews.php,200,OK,Thread Group 1-38,text,true,934,11789
1370230093850,11816,/fetchreviews.php,200,OK,Thread Group 1-40,text,true,934,11816
1370230094014,11759,/fetchreviews.php,200,OK,Thread Group 1-46,text,true,934,11759
1370230093993,11827,/fetchreviews.php,200,OK,Thread Group 1-45,text,true,934,11827
1370230094087,11782,/fetchreviews.php,200,OK,Thread Group 1-41,text,true,934,11782
1370230094377,11546,/fetchreviews.php,200,OK,Thread Group 1-47,text,true,934,11546
1370230094432,11671,/fetchreviews.php,200,OK,Thread Group 1-43,text,true,934,11671
1370230094497,11657,/fetchreviews.php,200,OK,Thread Group 1-48,text,true,934,11657
1370230094554,11765,/fetchreviews.php,200,OK,Thread Group 1-42,text,true,934,11765
1370230094596,11785,/fetchreviews.php,200,OK,Thread Group 1-49,text,true,934,11785
1370230094658,11785,/fetchreviews.php,200,OK,Thread Group 1-50,text,true,934,11785
1370230094859,11713,/fetchreviews.php,200,OK,Thread Group 1-52,text,true,934,11713
1370230094961,11688,/fetchreviews.php,200,OK,Thread Group 1-53,text,true,934,11688
1370230095006,11863,/fetchreviews.php,200,OK,Thread Group 1-44,text,true,934,11863
1370230095088,11906,/fetchreviews.php,200,OK,Thread Group 1-5,text,true,934,11906
1370230095134,11960,/fetchreviews.php,200,OK,Thread Group 1-55,text,true,934,11960
1370230095271,11968,/fetchreviews.php,200,OK,Thread Group 1-56,text,true,934,11968
1370230095557,11862,/fetchreviews.php,200,OK,Thread Group 1-58,text,true,934,11862
1370230095343,12230,/fetchreviews.php,200,OK,Thread Group 1-54,text,true,934,12230
1370230095718,12133,/fetchreviews.php,200,OK,Thread Group 1-57,text,true,934,12133
1370230095880,12052,/fetchreviews.php,200,OK,Thread Group 1-59,text,true,934,12052
1370230095948,12370,/fetchreviews.php,200,OK,Thread Group 1-60,text,true,934,12370
1370230096041,12431,/fetchreviews.php,200,OK,Thread Group 1-4,text,true,934,12431
1370230096412,12155,/fetchreviews.php,200,OK,Thread Group 1-51,text,true,934,12155
1370230096498,12223,/fetchreviews.php,200,OK,Thread Group 1-61,text,true,934,12223
1370230096720,12233,/fetchreviews.php,200,OK,Thread Group 1-62,text,true,934,12233
1370230096857,12230,/fetchreviews.php,200,OK,Thread Group 1-64,text,true,934,12230
1370230097095,12078,/fetchreviews.php,200,OK,Thread Group 1-6,text,true,934,12078
1370230097260,12064,/fetchreviews.php,200,OK,Thread Group 1-67,text,true,934,12064
1370230097306,12092,/fetchreviews.php,200,OK,Thread Group 1-63,text,true,934,12092
1370230097411,12164,/fetchreviews.php,200,OK,Thread Group 1-69,text,true,934,12164
1370230097511,12193,/fetchreviews.php,200,OK,Thread Group 1-66,text,true,934,12193
1370230097007,12997,/fetchreviews.php,200,OK,Thread Group 1-65,text,true,934,12997
1370230097581,12590,/fetchreviews.php,200,OK,Thread Group 1-70,text,true,934,12590
1370230097624,12604,/fetchreviews.php,200,OK,Thread Group 1-72,text,true,934,12604
1370230097726,12566,/fetchreviews.php,200,OK,Thread Group 1-68,text,true,934,12566
1370230097894,12472,/fetchreviews.php,200,OK,Thread Group 1-9,text,true,934,12472
1370230097945,12619,/fetchreviews.php,200,OK,Thread Group 1-73,text,true,934,12619
1370230098015,12646,/fetchreviews.php,200,OK,Thread Group 1-71,text,true,934,12646
1370230098158,12628,/fetchreviews.php,200,OK,Thread Group 1-74,text,true,934,12628
1370230098242,12622,/fetchreviews.php,200,OK,Thread Group 1-75,text,true,934,12622
1370230098314,12637,/fetchreviews.php,200,OK,Thread Group 1-76,text,true,934,12637
1370230098468,12632,/fetchreviews.php,200,OK,Thread Group 1-78,text,true,934,12632
1370230098707,12475,/fetchreviews.php,200,OK,Thread Group 1-7,text,true,934,12475
1370230098656,12647,/fetchreviews.php,200,OK,Thread Group 1-28,text,true,934,12647
1370230098780,12596,/fetchreviews.php,200,OK,Thread Group 1-77,text,true,934,12596
1370230098931,12542,/fetchreviews.php,200,OK,Thread Group 1-79,text,true,934,12542
1370230099009,12620,/fetchreviews.php,200,OK,Thread Group 1-80,text,true,934,12620
1370230099135,12564,/fetchreviews.php,200,OK,Thread Group 1-81,text,true,934,12564
1370230099222,12545,/fetchreviews.php,200,OK,Thread Group 1-10,text,true,934,12545
1370230099362,12520,/fetchreviews.php,200,OK,Thread Group 1-84,text,true,934,12520
1370230099523,12405,/fetchreviews.php,200,OK,Thread Group 1-83,text,true,934,12405
1370230099666,12328,/fetchreviews.php,200,OK,Thread Group 1-85,text,true,934,12328
1370230099750,12284,/fetchreviews.php,200,OK,Thread Group 1-86,text,true,934,12284
1370230100008,12092,/fetchreviews.php,200,OK,Thread Group 1-82,text,true,934,12092
1370230100078,12136,/fetchreviews.php,200,OK,Thread Group 1-89,text,true,934,12136
1370230100156,12117,/fetchreviews.php,200,OK,Thread Group 1-91,text,true,934,12117
1370230100353,11976,/fetchreviews.php,200,OK,Thread Group 1-88,text,true,934,11976
1370230100516,11853,/fetchreviews.php,200,OK,Thread Group 1-93,text,true,934,11853
1370230100653,11765,/fetchreviews.php,200,OK,Thread Group 1-92,text,true,934,11765
1370230100757,11727,/fetchreviews.php,200,OK,Thread Group 1-94,text,true,934,11727
1370230100917,11759,/fetchreviews.php,200,OK,Thread Group 1-11,text,true,934,11759
1370230100966,11806,/fetchreviews.php,200,OK,Thread Group 1-95,text,true,934,11806
1370230101150,11713,/fetchreviews.php,200,OK,Thread Group 1-8,text,true,934,11713
1370230101345,11607,/fetchreviews.php,200,OK,Thread Group 1-99,text,true,934,11607
1370230101541,11432,/fetchreviews.php,200,OK,Thread Group 1-90,text,true,934,11432
1370230101685,11288,/fetchreviews.php,200,OK,Thread Group 1-97,text,true,934,11288
1370230101735,11346,/fetchreviews.php,200,OK,Thread Group 1-98,text,true,934,11346
1370230101783,11347,/fetchreviews.php,200,OK,Thread Group 1-96,text,true,934,11347
1370230101879,11315,/fetchreviews.php,200,OK,Thread Group 1-100,text,true,934,11315
1370230102121,11237,/fetchreviews.php,200,OK,Thread Group 1-12,text,true,934,11237
1370230102017,11458,/fetchreviews.php,200,OK,Thread Group 1-87,text,true,934,11458
1370230102223,11331,/fetchreviews.php,200,OK,Thread Group 1-15,text,true,934,11331
1370230102355,11236,/fetchreviews.php,200,OK,Thread Group 1-14,text,true,934,11236
1370230102426,11220,/fetchreviews.php,200,OK,Thread Group 1-16,text,true,934,11220
1370230102574,11106,/fetchreviews.php,200,OK,Thread Group 1-18,text,true,934,11106
1370230102682,11073,/fetchreviews.php,200,OK,Thread Group 1-13,text,true,934,11073
1370230102877,11056,/fetchreviews.php,200,OK,Thread Group 1-20,text,true,934,11056
1370230103030,11042,/fetchreviews.php,200,OK,Thread Group 1-17,text,true,934,11042
1370230103237,10933,/fetchreviews.php,200,OK,Thread Group 1-1,text,true,934,10933
1370230103327,11063,/fetchreviews.php,200,OK,Thread Group 1-19,text,true,934,11063
1370230103489,11033,/fetchreviews.php,200,OK,Thread Group 1-21,text,true,934,11033
1370230103568,11132,/fetchreviews.php,200,OK,Thread Group 1-23,text,true,934,11132
1370230103771,10987,/fetchreviews.php,200,OK,Thread Group 1-25,text,true,934,10987
1370230103914,10990,/fetchreviews.php,200,OK,Thread Group 1-26,text,true,934,10990
1370230104010,10954,/fetchreviews.php,200,OK,Thread Group 1-22,text,true,934,10954
1370230104138,10974,/fetchreviews.php,200,OK,Thread Group 1-24,text,true,934,10974
1370230104214,10961,/fetchreviews.php,200,OK,Thread Group 1-27,text,true,934,10961
1370230104344,10926,/fetchreviews.php,200,OK,Thread Group 1-2,text,true,934,10926
1370230104502,10921,/fetchreviews.php,200,OK,Thread Group 1-30,text,true,934,10921
1370230104590,11002,/fetchreviews.php,200,OK,Thread Group 1-31,text,true,934,11002
1370230104639,11060,/fetchreviews.php,200,OK,Thread Group 1-29,text,true,934,11060
1370230104720,11031,/fetchreviews.php,200,OK,Thread Group 1-33,text,true,934,11031
1370230104903,10911,/fetchreviews.php,200,OK,Thread Group 1-35,text,true,934,10911
1370230105039,10876,/fetchreviews.php,200,OK,Thread Group 1-32,text,true,934,10876
1370230105181,10815,/fetchreviews.php,200,OK,Thread Group 1-34,text,true,934,10815
1370230105242,10941,/fetchreviews.php,200,OK,Thread Group 1-36,text,true,934,10941
1370230105301,10947,/fetchreviews.php,200,OK,Thread Group 1-3,text,true,934,10947
1370230105358,11026,/fetchreviews.php,200,OK,Thread Group 1-37,text,true,934,11026
1370230105422,11140,/fetchreviews.php,200,OK,Thread Group 1-39,text,true,934,11140
1370230105579,11087,/fetchreviews.php,200,OK,Thread Group 1-38,text,true,934,11087
1370230105668,11058,/fetchreviews.php,200,OK,Thread Group 1-40,text,true,934,11058
1370230105777,10974,/fetchreviews.php,200,OK,Thread Group 1-46,text,true,934,10974
1370230105823,11033,/fetchreviews.php,200,OK,Thread Group 1-45,text,true,934,11033
1370230105873,10995,/fetchreviews.php,200,OK,Thread Group 1-41,text,true,934,10995
1370230105926,11101,/fetchreviews.php,200,OK,Thread Group 1-47,text,true,934,11101
1370230106105,10945,/fetchreviews.php,200,OK,Thread Group 1-43,text,true,934,10945
1370230106156,10915,/fetchreviews.php,200,OK,Thread Group 1-48,text,true,934,10915
1370230106324,10818,/fetchreviews.php,200,OK,Thread Group 1-42,text,true,934,10818
1370230106384,10948,/fetchreviews.php,200,OK,Thread Group 1-49,text,true,934,10948
1370230106448,10899,/fetchreviews.php,200,OK,Thread Group 1-50,text,true,934,10899
1370230106576,10852,/fetchreviews.php,200,OK,Thread Group 1-52,text,true,934,10852
1370230106654,10868,/fetchreviews.php,200,OK,Thread Group 1-53,text,true,934,10868
1370230106874,10697,/fetchreviews.php,200,OK,Thread Group 1-44,text,true,934,10697
1370230106998,10687,/fetchreviews.php,200,OK,Thread Group 1-5,text,true,934,10687
1370230107098,10650,/fetchreviews.php,200,OK,Thread Group 1-55,text,true,934,10650
1370230107243,10615,/fetchreviews.php,200,OK,Thread Group 1-56,text,true,934,10615
1370230107424,10444,/fetchreviews.php,200,OK,Thread Group 1-58,text,true,934,10444
1370230107579,10333,/fetchreviews.php,200,OK,Thread Group 1-54,text,true,934,10333
1370230107856,10223,/fetchreviews.php,200,OK,Thread Group 1-57,text,true,934,10223
1370230107935,10215,/fetchreviews.php,200,OK,Thread Group 1-59,text,true,934,10215
1370230108323,9974,/fetchreviews.php,200,OK,Thread Group 1-60,text,true,934,9974
1370230108478,9889,/fetchreviews.php,200,OK,Thread Group 1-4,text,true,934,9889
1370230108572,9931,/fetchreviews.php,200,OK,Thread Group 1-51,text,true,934,9931
1370230108726,9898,/fetchreviews.php,200,OK,Thread Group 1-61,text,true,934,9898
1370230108956,9743,/fetchreviews.php,200,OK,Thread Group 1-62,text,true,934,9743
1370230109090,9677,/fetchreviews.php,200,OK,Thread Group 1-64,text,true,934,9677
1370230109176,9750,/fetchreviews.php,200,OK,Thread Group 1-6,text,true,934,9750
1370230109329,9773,/fetchreviews.php,200,OK,Thread Group 1-67,text,true,934,9773
1370230109402,9868,/fetchreviews.php,200,OK,Thread Group 1-63,text,true,934,9868
1370230109579,9799,/fetchreviews.php,200,OK,Thread Group 1-69,text,true,934,9799
1370230109708,9852,/fetchreviews.php,200,OK,Thread Group 1-66,text,true,934,9852
1370230110008,9622,/fetchreviews.php,200,OK,Thread Group 1-65,text,true,934,9622
1370230110231,9541,/fetchreviews.php,200,OK,Thread Group 1-72,text,true,934,9541
1370230110296,9529,/fetchreviews.php,200,OK,Thread Group 1-68,text,true,934,9529
1370230110370,9514,/fetchreviews.php,200,OK,Thread Group 1-9,text,true,934,9514
1370230110174,9770,/fetchreviews.php,200,OK,Thread Group 1-70,text,true,934,9770
1370230110568,9414,/fetchreviews.php,200,OK,Thread Group 1-73,text,true,934,9414
1370230110790,9293,/fetchreviews.php,200,OK,Thread Group 1-74,text,true,934,9292
1370230110868,9348,/fetchreviews.php,200,OK,Thread Group 1-75,text,true,934,9348
1370230110956,9422,/fetchreviews.php,200,OK,Thread Group 1-76,text,true,934,9422
1370230110664,9933,/fetchreviews.php,200,OK,Thread Group 1-71,text,true,934,9933
1370230111103,9549,/fetchreviews.php,200,OK,Thread Group 1-78,text,true,934,9549
1370230111186,9515,/fetchreviews.php,200,OK,Thread Group 1-7,text,true,934,9515
1370230111307,9457,/fetchreviews.php,200,OK,Thread Group 1-28,text,true,934,9457
1370230111380,9486,/fetchreviews.php,200,OK,Thread Group 1-77,text,true,934,9486
1370230111478,9480,/fetchreviews.php,200,OK,Thread Group 1-79,text,true,934,9480
1370230111632,9389,/fetchreviews.php,200,OK,Thread Group 1-80,text,true,934,9389
1370230111703,9429,/fetchreviews.php,200,OK,Thread Group 1-81,text,true,934,9429
1370230111771,9469,/fetchreviews.php,200,OK,Thread Group 1-10,text,true,934,9469
1370230111886,9482,/fetchreviews.php,200,OK,Thread Group 1-84,text,true,934,9482
1370230111932,9525,/fetchreviews.php,200,OK,Thread Group 1-83,text,true,934,9525
1370230111998,9569,/fetchreviews.php,200,OK,Thread Group 1-85,text,true,934,9569
1370230112037,9601,/fetchreviews.php,200,OK,Thread Group 1-86,text,true,934,9601
1370230112103,9684,/fetchreviews.php,200,OK,Thread Group 1-82,text,true,934,9684
1370230112218,9588,/fetchreviews.php,200,OK,Thread Group 1-89,text,true,934,9588
1370230112276,9593,/fetchreviews.php,200,OK,Thread Group 1-91,text,true,934,9593
1370230112332,9715,/fetchreviews.php,200,OK,Thread Group 1-88,text,true,934,9715
1370230112372,9931,/fetchreviews.php,200,OK,Thread Group 1-93,text,true,934,9931
1370230112421,10021,/fetchreviews.php,200,OK,Thread Group 1-92,text,true,934,10021
1370230112487,10222,/fetchreviews.php,200,OK,Thread Group 1-94,text,true,934,10222
1370230112685,10201,/fetchreviews.php,200,OK,Thread Group 1-11,text,true,934,10201
1370230112776,10259,/fetchreviews.php,200,OK,Thread Group 1-95,text,true,934,10259
1370230112867,10441,/fetchreviews.php,200,OK,Thread Group 1-8,text,true,934,10441
1370230112957,10490,/fetchreviews.php,200,OK,Thread Group 1-99,text,true,934,10490
1370230112977,10516,/fetchreviews.php,200,OK,Thread Group 1-90,text,true,934,10516
1370230112977,10579,/fetchreviews.php,200,OK,Thread Group 1-97,text,true,934,10579
1370230113085,10638,/fetchreviews.php,200,OK,Thread Group 1-98,text,true,934,10638
1370230113135,10683,/fetchreviews.php,200,OK,Thread Group 1-96,text,true,934,10683
1370230113198,10739,/fetchreviews.php,200,OK,Thread Group 1-100,text,true,934,10739
1370230113362,10622,/fetchreviews.php,200,OK,Thread Group 1-12,text,true,934,10622
1370230113479,10593,/fetchreviews.php,200,OK,Thread Group 1-87,text,true,934,10593
1370230113558,10634,/fetchreviews.php,200,OK,Thread Group 1-15,text,true,934,10634
1370230113595,10640,/fetchreviews.php,200,OK,Thread Group 1-14,text,true,934,10640
1370230113650,10701,/fetchreviews.php,200,OK,Thread Group 1-16,text,true,934,10701
1370230113684,10869,/fetchreviews.php,200,OK,Thread Group 1-18,text,true,934,10869
1370230113761,10861,/fetchreviews.php,200,OK,Thread Group 1-13,text,true,934,10861
1370230113938,10754,/fetchreviews.php,200,OK,Thread Group 1-20,text,true,934,10754
1370230114077,10648,/fetchreviews.php,200,OK,Thread Group 1-17,text,true,934,10648
1370230114174,10687,/fetchreviews.php,200,OK,Thread Group 1-1,text,true,934,10687
1370230114396,10548,/fetchreviews.php,200,OK,Thread Group 1-19,text,true,934,10548
1370230114527,10577,/fetchreviews.php,200,OK,Thread Group 1-21,text,true,934,10577
1370230114705,10497,/fetchreviews.php,200,OK,Thread Group 1-23,text,true,934,10497
1370230114763,10692,/fetchreviews.php,200,OK,Thread Group 1-25,text,true,934,10692
1370230114908,10653,/fetchreviews.php,200,OK,Thread Group 1-26,text,true,934,10653
1370230114969,10701,/fetchreviews.php,200,OK,Thread Group 1-22,text,true,934,10701
1370230115117,10751,/fetchreviews.php,200,OK,Thread Group 1-24,text,true,934,10751
1370230115180,10772,/fetchreviews.php,200,OK,Thread Group 1-27,text,true,934,10772
1370230115276,10797,/fetchreviews.php,200,OK,Thread Group 1-2,text,true,934,10797
1370230115429,10846,/fetchreviews.php,200,OK,Thread Group 1-30,text,true,934,10846
1370230115596,10752,/fetchreviews.php,200,OK,Thread Group 1-31,text,true,934,10752
1370230115703,10818,/fetchreviews.php,200,OK,Thread Group 1-29,text,true,934,10818
1370230115756,10948,/fetchreviews.php,200,OK,Thread Group 1-33,text,true,934,10948
1370230115818,10941,/fetchreviews.php,200,OK,Thread Group 1-35,text,true,934,10941
1370230115919,11083,/fetchreviews.php,200,OK,Thread Group 1-32,text,true,934,11083
1370230116001,11130,/fetchreviews.php,200,OK,Thread Group 1-34,text,true,934,11130
1370230116187,11115,/fetchreviews.php,200,OK,Thread Group 1-36,text,true,934,11115
1370230116254,11164,/fetchreviews.php,200,OK,Thread Group 1-3,text,true,934,11164
1370230116389,11188,/fetchreviews.php,200,OK,Thread Group 1-37,text,true,934,11188
1370230116568,11328,/fetchreviews.php,200,OK,Thread Group 1-39,text,true,934,11328
1370230116671,11281,/fetchreviews.php,200,OK,Thread Group 1-38,text,true,934,11281
1370230116731,11264,/fetchreviews.php,200,OK,Thread Group 1-40,text,true,934,11264
1370230116756,11324,/fetchreviews.php,200,OK,Thread Group 1-46,text,true,934,11324
1370230116861,11360,/fetchreviews.php,200,OK,Thread Group 1-45,text,true,934,11360
1370230116872,11438,/fetchreviews.php,200,OK,Thread Group 1-41,text,true,934,11438
1370230117054,11420,/fetchreviews.php,200,OK,Thread Group 1-43,text,true,934,11420
1370230117075,11495,/fetchreviews.php,200,OK,Thread Group 1-48,text,true,934,11495
1370230117030,11634,/fetchreviews.php,200,OK,Thread Group 1-47,text,true,934,11634
1370230117146,11599,/fetchreviews.php,200,OK,Thread Group 1-42,text,true,934,11599
1370230117350,11433,/fetchreviews.php,200,OK,Thread Group 1-50,text,true,934,11433
1370230117336,11497,/fetchreviews.php,200,OK,Thread Group 1-49,text,true,934,11497
1370230117431,11415,/fetchreviews.php,200,OK,Thread Group 1-52,text,true,934,11415
1370230117526,11363,/fetchreviews.php,200,OK,Thread Group 1-53,text,true,934,11363
1370230117576,11371,/fetchreviews.php,200,OK,Thread Group 1-44,text,true,934,11371
1370230117688,11319,/fetchreviews.php,200,OK,Thread Group 1-5,text,true,934,11319
1370230117753,11366,/fetchreviews.php,200,OK,Thread Group 1-55,text,true,934,11366
1370230117870,11307,/fetchreviews.php,200,OK,Thread Group 1-58,text,true,934,11307
1370230117862,11395,/fetchreviews.php,200,OK,Thread Group 1-56,text,true,934,11395
1370230117916,11458,/fetchreviews.php,200,OK,Thread Group 1-54,text,true,934,11458
1370230118083,11363,/fetchreviews.php,200,OK,Thread Group 1-57,text,true,934,11363
1370230118154,11347,/fetchreviews.php,200,OK,Thread Group 1-59,text,true,934,11347
1370230118301,11329,/fetchreviews.php,200,OK,Thread Group 1-60,text,true,934,11329
1370230118372,11328,/fetchreviews.php,200,OK,Thread Group 1-4,text,true,934,11328
1370230118506,11343,/fetchreviews.php,200,OK,Thread Group 1-51,text,true,934,11343
1370230118628,11292,/fetchreviews.php,200,OK,Thread Group 1-61,text,true,934,11292
1370230118703,11336,/fetchreviews.php,200,OK,Thread Group 1-62,text,true,934,11336
1370230118770,11339,/fetchreviews.php,200,OK,Thread Group 1-64,text,true,934,11339
1370230118930,11357,/fetchreviews.php,200,OK,Thread Group 1-6,text,true,934,11357
1370230119107,11250,/fetchreviews.php,200,OK,Thread Group 1-67,text,true,934,11250
1370230119274,11232,/fetchreviews.php,200,OK,Thread Group 1-63,text,true,934,11232
1370230119381,11202,/fetchreviews.php,200,OK,Thread Group 1-69,text,true,934,11202
1370230119566,11162,/fetchreviews.php,200,OK,Thread Group 1-66,text,true,934,11162
1370230119633,11148,/fetchreviews.php,200,OK,Thread Group 1-65,text,true,934,11148
1370230119775,11091,/fetchreviews.php,200,OK,Thread Group 1-72,text,true,934,11091
1370230119828,11101,/fetchreviews.php,200,OK,Thread Group 1-68,text,true,934,11101
1370230119887,11189,/fetchreviews.php,200,OK,Thread Group 1-9,text,true,934,11189
1370230119985,11271,/fetchreviews.php,200,OK,Thread Group 1-73,text,true,934,11271
1370230120085,11303,/fetchreviews.php,200,OK,Thread Group 1-74,text,true,934,11303
1370230120219,11290,/fetchreviews.php,200,OK,Thread Group 1-75,text,true,934,11290
1370230119948,11650,/fetchreviews.php,200,OK,Thread Group 1-70,text,true,934,11650
1370230120382,11307,/fetchreviews.php,200,OK,Thread Group 1-76,text,true,934,11307
1370230120602,11275,/fetchreviews.php,200,OK,Thread Group 1-71,text,true,934,11275
1370230120656,11266,/fetchreviews.php,200,OK,Thread Group 1-78,text,true,934,11266
1370230120706,11289,/fetchreviews.php,200,OK,Thread Group 1-7,text,true,934,11289
1370230120769,11400,/fetchreviews.php,200,OK,Thread Group 1-28,text,true,934,11400
1370230120870,11326,/fetchreviews.php,200,OK,Thread Group 1-77,text,true,934,11326
1370230120962,11327,/fetchreviews.php,200,OK,Thread Group 1-79,text,true,934,11327
1370230121025,11367,/fetchreviews.php,200,OK,Thread Group 1-80,text,true,934,11367
1370230121137,11343,/fetchreviews.php,200,OK,Thread Group 1-81,text,true,934,11343
1370230121243,11438,/fetchreviews.php,200,OK,Thread Group 1-10,text,true,934,11438
1370230121372,11454,/fetchreviews.php,200,OK,Thread Group 1-84,text,true,934,11454
1370230121461,11424,/fetchreviews.php,200,OK,Thread Group 1-83,text,true,934,11424
1370230121572,11360,/fetchreviews.php,200,OK,Thread Group 1-85,text,true,934,11360
1370230121641,11341,/fetchreviews.php,200,OK,Thread Group 1-86,text,true,934,11341
1370230121791,11322,/fetchreviews.php,200,OK,Thread Group 1-82,text,true,934,11322
1370230121809,11342,/fetchreviews.php,200,OK,Thread Group 1-89,text,true,934,11342
1370230121872,11314,/fetchreviews.php,200,OK,Thread Group 1-91,text,true,934,11314
1370230122050,11199,/fetchreviews.php,200,OK,Thread Group 1-88,text,true,934,11199
1370230122306,11111,/fetchreviews.php,200,OK,Thread Group 1-93,text,true,934,11111
1370230122445,11047,/fetchreviews.php,200,OK,Thread Group 1-92,text,true,934,11047
1370230122713,10841,/fetchreviews.php,200,OK,Thread Group 1-94,text,true,934,10841
1370230122889,10710,/fetchreviews.php,200,OK,Thread Group 1-11,text,true,934,10710
1370230123039,10626,/fetchreviews.php,200,OK,Thread Group 1-95,text,true,934,10626
1370230123311,10527,/fetchreviews.php,200,OK,Thread Group 1-8,text,true,934,10527
1370230123452,10537,/fetchreviews.php,200,OK,Thread Group 1-99,text,true,934,10537
1370230123496,10577,/fetchreviews.php,200,OK,Thread Group 1-90,text,true,934,10577
1370230123560,10572,/fetchreviews.php,200,OK,Thread Group 1-97,text,true,934,10572
1370230123726,10524,/fetchreviews.php,200,OK,Thread Group 1-98,text,true,934,10524
1370230123822,10519,/fetchreviews.php,200,OK,Thread Group 1-96,text,true,934,10519
1370230123941,10517,/fetchreviews.php,200,OK,Thread Group 1-100,text,true,934,10517
1370230123987,10538,/fetchreviews.php,200,OK,Thread Group 1-12,text,true,934,10538
1370230124075,10552,/fetchreviews.php,200,OK,Thread Group 1-87,text,true,934,10552
1370230124195,10616,/fetchreviews.php,200,OK,Thread Group 1-15,text,true,934,10616
1370230124238,10706,/fetchreviews.php,200,OK,Thread Group 1-14,text,true,934,10706
1370230124356,10625,/fetchreviews.php,200,OK,Thread Group 1-16,text,true,934,10625
1370230124556,10518,/fetchreviews.php,200,OK,Thread Group 1-18,text,true,934,10518
1370230124627,10630,/fetchreviews.php,200,OK,Thread Group 1-13,text,true,934,10630
1370230124729,10592,/fetchreviews.php,200,OK,Thread Group 1-17,text,true,934,10592
1370230124695,10842,/fetchreviews.php,200,OK,Thread Group 1-20,text,true,934,10842
1370230124949,10715,/fetchreviews.php,200,OK,Thread Group 1-19,text,true,934,10715
1370230125107,10642,/fetchreviews.php,200,OK,Thread Group 1-21,text,true,934,10642
1370230125205,10768,/fetchreviews.php,200,OK,Thread Group 1-23,text,true,934,10768
1370230125460,10583,/fetchreviews.php,200,OK,Thread Group 1-25,text,true,934,10583
1370230125566,10569,/fetchreviews.php,200,OK,Thread Group 1-26,text,true,934,10569
1370230125674,10509,/fetchreviews.php,200,OK,Thread Group 1-22,text,true,934,10509
1370230125873,10355,/fetchreviews.php,200,OK,Thread Group 1-24,text,true,934,10355
1370230125957,10346,/fetchreviews.php,200,OK,Thread Group 1-27,text,true,934,10346
1370230126280,10203,/fetchreviews.php,200,OK,Thread Group 1-30,text,true,934,10203
1370230126352,10301,/fetchreviews.php,200,OK,Thread Group 1-31,text,true,934,10301
1370230126524,10196,/fetchreviews.php,200,OK,Thread Group 1-29,text,true,934,10196
1370230126709,10043,/fetchreviews.php,200,OK,Thread Group 1-33,text,true,934,10043
1370230126763,10181,/fetchreviews.php,200,OK,Thread Group 1-35,text,true,934,10181
1370230127005,10014,/fetchreviews.php,200,OK,Thread Group 1-32,text,true,934,10014
1370230127135,9994,/fetchreviews.php,200,OK,Thread Group 1-34,text,true,934,9994
1370230127307,9898,/fetchreviews.php,200,OK,Thread Group 1-36,text,true,934,9898
1370230127580,9705,/fetchreviews.php,200,OK,Thread Group 1-37,text,true,934,9705
1370230127899,9455,/fetchreviews.php,200,OK,Thread Group 1-39,text,true,934,9455
1370230127955,9463,/fetchreviews.php,200,OK,Thread Group 1-38,text,true,934,9463
1370230127999,9573,/fetchreviews.php,200,OK,Thread Group 1-40,text,true,934,9573
1370230128083,9587,/fetchreviews.php,200,OK,Thread Group 1-46,text,true,934,9587
1370230128224,9582,/fetchreviews.php,200,OK,Thread Group 1-45,text,true,934,9582
1370230128314,9691,/fetchreviews.php,200,OK,Thread Group 1-41,text,true,934,9691
1370230128478,9693,/fetchreviews.php,200,OK,Thread Group 1-43,text,true,934,9693
1370230128574,9888,/fetchreviews.php,200,OK,Thread Group 1-48,text,true,934,9888
1370230128669,9948,/fetchreviews.php,200,OK,Thread Group 1-47,text,true,934,9948
1370230128786,10003,/fetchreviews.php,200,OK,Thread Group 1-50,text,true,934,10003
1370230128836,10053,/fetchreviews.php,200,OK,Thread Group 1-49,text,true,934,10053
1370230128893,10104,/fetchreviews.php,200,OK,Thread Group 1-53,text,true,934,10104
1370230128849,10251,/fetchreviews.php,200,OK,Thread Group 1-52,text,true,934,10251
1370230128749,10442,/fetchreviews.php,200,OK,Thread Group 1-42,text,true,934,10442
1370230128950,10342,/fetchreviews.php,200,OK,Thread Group 1-44,text,true,934,10342
1370230129126,10240,/fetchreviews.php,200,OK,Thread Group 1-55,text,true,934,10240
1370230129180,10281,/fetchreviews.php,200,OK,Thread Group 1-58,text,true,934,10281
1370230129261,10255,/fetchreviews.php,200,OK,Thread Group 1-56,text,true,934,10255
1370230129377,10220,/fetchreviews.php,200,OK,Thread Group 1-54,text,true,934,10220
1370230129451,10209,/fetchreviews.php,200,OK,Thread Group 1-57,text,true,934,10209
1370230129505,10209,/fetchreviews.php,200,OK,Thread Group 1-59,text,true,934,10209
1370230129634,10247,/fetchreviews.php,200,OK,Thread Group 1-60,text,true,934,10247
1370230129852,10075,/fetchreviews.php,200,OK,Thread Group 1-51,text,true,934,10075
1370230129923,10060,/fetchreviews.php,200,OK,Thread Group 1-61,text,true,934,10060
1370230130042,9993,/fetchreviews.php,200,OK,Thread Group 1-62,text,true,934,9993
1370230130111,10091,/fetchreviews.php,200,OK,Thread Group 1-64,text,true,934,10091
1370230130360,9970,/fetchreviews.php,200,OK,Thread Group 1-67,text,true,934,9970
1370230130510,9911,/fetchreviews.php,200,OK,Thread Group 1-63,text,true,934,9911
1370230130587,9856,/fetchreviews.php,200,OK,Thread Group 1-69,text,true,934,9856
1370230130731,9818,/fetchreviews.php,200,OK,Thread Group 1-66,text,true,934,9818
1370230130786,9839,/fetchreviews.php,200,OK,Thread Group 1-65,text,true,934,9839
1370230130870,9783,/fetchreviews.php,200,OK,Thread Group 1-72,text,true,934,9783
1370230130934,9778,/fetchreviews.php,200,OK,Thread Group 1-68,text,true,934,9778
1370230131259,9501,/fetchreviews.php,200,OK,Thread Group 1-73,text,true,934,9501
1370230131392,9435,/fetchreviews.php,200,OK,Thread Group 1-74,text,true,934,9435
1370230131513,9391,/fetchreviews.php,200,OK,Thread Group 1-75,text,true,934,9391
1370230131601,9427,/fetchreviews.php,200,OK,Thread Group 1-70,text,true,934,9427
1370230131692,9402,/fetchreviews.php,200,OK,Thread Group 1-76,text,true,934,9402
1370230131880,9384,/fetchreviews.php,200,OK,Thread Group 1-71,text,true,934,9384
1370230131926,9471,/fetchreviews.php,200,OK,Thread Group 1-78,text,true,934,9471
1370230132172,9300,/fetchreviews.php,200,OK,Thread Group 1-28,text,true,934,9300
1370230132199,9384,/fetchreviews.php,200,OK,Thread Group 1-77,text,true,934,9384
1370230132293,9380,/fetchreviews.php,200,OK,Thread Group 1-79,text,true,934,9380
1370230132395,9468,/fetchreviews.php,200,OK,Thread Group 1-80,text,true,934,9468
1370230132483,9478,/fetchreviews.php,200,OK,Thread Group 1-81,text,true,934,9478
1370230132830,9289,/fetchreviews.php,200,OK,Thread Group 1-84,text,true,934,9289
1370230132888,9432,/fetchreviews.php,200,OK,Thread Group 1-83,text,true,934,9432
1370230132935,9589,/fetchreviews.php,200,OK,Thread Group 1-85,text,true,934,9589
1370230132986,9765,/fetchreviews.php,200,OK,Thread Group 1-86,text,true,934,9765
1370230133116,9866,/fetchreviews.php,200,OK,Thread Group 1-82,text,true,934,9866
1370230133155,9897,/fetchreviews.php,200,OK,Thread Group 1-89,text,true,934,9897
1370230133190,9959,/fetchreviews.php,200,OK,Thread Group 1-91,text,true,934,9959
1370230133252,10042,/fetchreviews.php,200,OK,Thread Group 1-88,text,true,934,10042
1370230133420,10057,/fetchreviews.php,200,OK,Thread Group 1-93,text,true,934,10057
1370230133495,10133,/fetchreviews.php,200,OK,Thread Group 1-92,text,true,934,10133
1370230133559,10177,/fetchreviews.php,200,OK,Thread Group 1-94,text,true,934,10177
1370230133669,10211,/fetchreviews.php,200,OK,Thread Group 1-95,text,true,934,10211
1370230133994,10107,/fetchreviews.php,200,OK,Thread Group 1-99,text,true,934,10107
1370230134077,10035,/fetchreviews.php,200,OK,Thread Group 1-90,text,true,934,10035
1370230134137,10050,/fetchreviews.php,200,OK,Thread Group 1-97,text,true,934,10050
1370230134253,10142,/fetchreviews.php,200,OK,Thread Group 1-98,text,true,934,10142
1370230134346,10185,/fetchreviews.php,200,OK,Thread Group 1-96,text,true,934,10185
1370230134462,10175,/fetchreviews.php,200,OK,Thread Group 1-100,text,true,934,10175
1370230134631,10016,/fetchreviews.php,200,OK,Thread Group 1-87,text,true,934,10016
