1370224286170,238,/addlava.php,200,OK,Thread Group 1-1,text,true,191,238
1370224286199,265,/addlava.php,200,OK,Thread Group 1-4,text,true,191,265
1370224286179,384,/addlava.php,200,OK,Thread Group 1-2,text,true,191,384
1370224286189,416,/addlava.php,200,OK,Thread Group 1-3,text,true,191,416
1370224286230,411,/addlava.php,200,OK,Thread Group 1-7,text,true,191,411
1370224286240,465,/addlava.php,200,OK,Thread Group 1-8,text,true,191,465
1370224286209,501,/addlava.php,200,OK,Thread Group 1-5,text,true,191,501
1370224286250,489,/addlava.php,200,OK,Thread Group 1-9,text,true,191,489
1370224286220,559,/addlava.php,200,OK,Thread Group 1-6,text,true,191,559
1370224286260,569,/addlava.php,200,OK,Thread Group 1-10,text,true,191,569
1370224286284,599,/addlava.php,200,OK,Thread Group 1-12,text,true,191,599
1370224286271,642,/addlava.php,200,OK,Thread Group 1-11,text,true,191,642
1370224286291,681,/addlava.php,200,OK,Thread Group 1-13,text,true,191,681
1370224286312,896,/addlava.php,200,OK,Thread Group 1-15,text,true,191,896
1370224286301,918,/addlava.php,200,OK,Thread Group 1-14,text,true,191,918
1370224286409,803,/addlava.php,200,OK,Thread Group 1-1,text,true,191,803
1370224286466,778,/addlava.php,200,OK,Thread Group 1-4,text,true,191,778
1370224286390,878,/addlava.php,200,OK,Thread Group 1-22,text,true,191,878
1370224286399,948,/addlava.php,200,OK,Thread Group 1-16,text,true,191,948
1370224286400,1003,/addlava.php,200,OK,Thread Group 1-23,text,true,191,1003
1370224286403,1107,/addlava.php,200,OK,Thread Group 1-19,text,true,191,1107
1370224286393,1193,/addlava.php,200,OK,Thread Group 1-18,text,true,191,1193
1370224286394,1378,/addlava.php,200,OK,Thread Group 1-20,text,true,191,1378
1370224286405,1449,/addlava.php,200,OK,Thread Group 1-24,text,true,191,1449
1370224286398,1544,/addlava.php,200,OK,Thread Group 1-17,text,true,191,1544
1370224286429,1553,/addlava.php,200,OK,Thread Group 1-26,text,true,191,1553
1370224286454,1558,/addlava.php,200,OK,Thread Group 1-28,text,true,191,1558
1370224286439,1635,/addlava.php,200,OK,Thread Group 1-27,text,true,191,1635
1370224286464,1794,/addlava.php,200,OK,Thread Group 1-29,text,true,191,1794
1370224286479,1847,/addlava.php,200,OK,Thread Group 1-30,text,true,191,1847
1370224286419,2053,/addlava.php,200,OK,Thread Group 1-25,text,true,191,2053
1370224286564,1955,/addlava.php,200,OK,Thread Group 1-2,text,true,191,1955
1370224286521,2119,/addlava.php,200,OK,Thread Group 1-32,text,true,191,2119
1370224286606,2088,/addlava.php,200,OK,Thread Group 1-3,text,true,191,2088
1370224286500,2250,/addlava.php,200,OK,Thread Group 1-31,text,true,191,2250
1370224286531,2317,/addlava.php,200,OK,Thread Group 1-33,text,true,191,2317
1370224286391,2493,/addlava.php,200,OK,Thread Group 1-21,text,true,191,2493
1370224286541,2378,/addlava.php,200,OK,Thread Group 1-34,text,true,191,2378
1370224286562,2433,/addlava.php,200,OK,Thread Group 1-35,text,true,191,2433
1370224286599,2447,/addlava.php,200,OK,Thread Group 1-37,text,true,191,2447
1370224286588,2516,/addlava.php,200,OK,Thread Group 1-36,text,true,191,2516
1370224286610,2655,/addlava.php,200,OK,Thread Group 1-38,text,true,191,2655
1370224286642,2686,/addlava.php,200,OK,Thread Group 1-7,text,true,191,2686
1370224286706,2653,/addlava.php,200,OK,Thread Group 1-8,text,true,191,2653
1370224286628,2765,/addlava.php,200,OK,Thread Group 1-40,text,true,191,2765
1370224286619,2808,/addlava.php,200,OK,Thread Group 1-39,text,true,191,2808
1370224286711,2785,/addlava.php,200,OK,Thread Group 1-5,text,true,191,2785
1370224286639,2948,/addlava.php,200,OK,Thread Group 1-41,text,true,191,2948
1370224286740,3033,/addlava.php,200,OK,Thread Group 1-9,text,true,191,3033
1370224286668,3143,/addlava.php,200,OK,Thread Group 1-44,text,true,191,3143
1370224286658,3255,/addlava.php,200,OK,Thread Group 1-43,text,true,191,3255
1370224286780,3161,/addlava.php,200,OK,Thread Group 1-6,text,true,191,3161
1370224286709,3283,/addlava.php,200,OK,Thread Group 1-46,text,true,191,3283
1370224286649,3406,/addlava.php,200,OK,Thread Group 1-42,text,true,191,3406
1370224286723,3474,/addlava.php,200,OK,Thread Group 1-47,text,true,191,3474
1370224286830,3431,/addlava.php,200,OK,Thread Group 1-10,text,true,191,3431
1370224286763,3545,/addlava.php,200,OK,Thread Group 1-49,text,true,191,3545
1370224286774,3553,/addlava.php,200,OK,Thread Group 1-51,text,true,191,3553
1370224286774,3601,/addlava.php,200,OK,Thread Group 1-50,text,true,191,3601
1370224286744,3676,/addlava.php,200,OK,Thread Group 1-48,text,true,191,3676
1370224286794,3668,/addlava.php,200,OK,Thread Group 1-53,text,true,191,3668
1370224286784,3719,/addlava.php,200,OK,Thread Group 1-52,text,true,191,3719
1370224286884,3668,/addlava.php,200,OK,Thread Group 1-12,text,true,191,3668
1370224286709,3882,/addlava.php,200,OK,Thread Group 1-45,text,true,191,3882
1370224286823,3807,/addlava.php,200,OK,Thread Group 1-55,text,true,191,3807
1370224286815,3847,/addlava.php,200,OK,Thread Group 1-54,text,true,191,3847
1370224286914,3790,/addlava.php,200,OK,Thread Group 1-11,text,true,191,3790
1370224286834,3921,/addlava.php,200,OK,Thread Group 1-56,text,true,191,3921
1370224286845,3951,/addlava.php,200,OK,Thread Group 1-58,text,true,191,3951
1370224286845,3995,/addlava.php,200,OK,Thread Group 1-57,text,true,191,3995
1370224286875,4010,/addlava.php,200,OK,Thread Group 1-60,text,true,191,4010
1370224286884,4178,/addlava.php,200,OK,Thread Group 1-61,text,true,191,4178
1370224286863,4199,/addlava.php,200,OK,Thread Group 1-59,text,true,191,4199
1370224286904,4179,/addlava.php,200,OK,Thread Group 1-63,text,true,191,4179
1370224286895,4345,/addlava.php,200,OK,Thread Group 1-62,text,true,191,4345
1370224286915,4398,/addlava.php,200,OK,Thread Group 1-64,text,true,191,4398
1370224286924,4516,/addlava.php,200,OK,Thread Group 1-65,text,true,191,4516
1370224286972,4519,/addlava.php,200,OK,Thread Group 1-13,text,true,191,4519
1370224286955,4568,/addlava.php,200,OK,Thread Group 1-67,text,true,191,4568
1370224286945,4652,/addlava.php,200,OK,Thread Group 1-66,text,true,191,4652
1370224286965,4782,/addlava.php,200,OK,Thread Group 1-68,text,true,191,4782
1370224286977,4818,/addlava.php,200,OK,Thread Group 1-69,text,true,191,4818
1370224286987,4841,/addlava.php,200,OK,Thread Group 1-70,text,true,191,4841
1370224287006,4869,/addlava.php,200,OK,Thread Group 1-72,text,true,191,4869
1370224287017,4910,/addlava.php,200,OK,Thread Group 1-73,text,true,191,4910
1370224286997,4979,/addlava.php,200,OK,Thread Group 1-71,text,true,191,4979
1370224287222,4797,/addlava.php,200,OK,Thread Group 1-15,text,true,191,4797
1370224287222,4858,/addlava.php,200,OK,Thread Group 1-1,text,true,191,4858
1370224287222,4895,/addlava.php,200,OK,Thread Group 1-14,text,true,191,4895
1370224287245,4907,/addlava.php,200,OK,Thread Group 1-4,text,true,191,4907
1370224287269,4962,/addlava.php,200,OK,Thread Group 1-22,text,true,191,4962
1370224287213,5061,/addlava.php,200,OK,Thread Group 1-90,text,true,191,5061
1370224287212,5118,/addlava.php,200,OK,Thread Group 1-74,text,true,191,5118
1370224287213,5158,/addlava.php,200,OK,Thread Group 1-89,text,true,191,5158
1370224287215,5196,/addlava.php,200,OK,Thread Group 1-87,text,true,191,5196
1370224287226,5219,/addlava.php,200,OK,Thread Group 1-86,text,true,191,5219
1370224287230,5243,/addlava.php,200,OK,Thread Group 1-78,text,true,191,5243
1370224287231,5278,/addlava.php,200,OK,Thread Group 1-80,text,true,191,5278
1370224287238,5305,/addlava.php,200,OK,Thread Group 1-76,text,true,191,5305
1370224287230,5343,/addlava.php,200,OK,Thread Group 1-88,text,true,191,5343
1370224287236,5369,/addlava.php,200,OK,Thread Group 1-81,text,true,191,5369
1370224287232,5400,/addlava.php,200,OK,Thread Group 1-79,text,true,191,5400
1370224287244,5421,/addlava.php,200,OK,Thread Group 1-92,text,true,191,5421
1370224287239,5453,/addlava.php,200,OK,Thread Group 1-77,text,true,191,5453
1370224287237,5656,/addlava.php,200,OK,Thread Group 1-85,text,true,191,5656
1370224287237,5734,/addlava.php,200,OK,Thread Group 1-75,text,true,191,5734
1370224287349,5672,/addlava.php,200,OK,Thread Group 1-16,text,true,191,5672
1370224287251,5797,/addlava.php,200,OK,Thread Group 1-82,text,true,191,5797
1370224287250,5855,/addlava.php,200,OK,Thread Group 1-91,text,true,191,5855
1370224287252,5898,/addlava.php,200,OK,Thread Group 1-84,text,true,191,5898
1370224287252,5937,/addlava.php,200,OK,Thread Group 1-93,text,true,191,5937
1370224287244,6030,/addlava.php,200,OK,Thread Group 1-83,text,true,191,6030
1370224287405,5929,/addlava.php,200,OK,Thread Group 1-23,text,true,191,5929
1370224287317,6051,/addlava.php,200,OK,Thread Group 1-94,text,true,191,6051
1370224287366,6039,/addlava.php,200,OK,Thread Group 1-98,text,true,191,6039
1370224287355,6097,/addlava.php,200,OK,Thread Group 1-97,text,true,191,6097
1370224287347,6215,/addlava.php,200,OK,Thread Group 1-96,text,true,191,6215
1370224287329,6479,/addlava.php,200,OK,Thread Group 1-95,text,true,191,6479
1370224287373,6506,/addlava.php,200,OK,Thread Group 1-99,text,true,191,6506
1370224287388,6556,/addlava.php,200,OK,Thread Group 1-100,text,true,191,6556
1370224287512,6569,/addlava.php,200,OK,Thread Group 1-19,text,true,191,6569
1370224287587,6561,/addlava.php,200,OK,Thread Group 1-18,text,true,191,6561
1370224287773,6560,/addlava.php,200,OK,Thread Group 1-20,text,true,191,6560
1370224287854,6546,/addlava.php,200,OK,Thread Group 1-24,text,true,191,6546
1370224287943,6617,/addlava.php,200,OK,Thread Group 1-17,text,true,191,6617
1370224288013,6608,/addlava.php,200,OK,Thread Group 1-28,text,true,191,6608
1370224287983,6744,/addlava.php,200,OK,Thread Group 1-26,text,true,191,6744
1370224288075,6687,/addlava.php,200,OK,Thread Group 1-27,text,true,191,6687
1370224288258,6540,/addlava.php,200,OK,Thread Group 1-29,text,true,191,6540
1370224288327,6505,/addlava.php,200,OK,Thread Group 1-30,text,true,191,6505
1370224288473,6459,/addlava.php,200,OK,Thread Group 1-25,text,true,191,6459
1370224288520,6460,/addlava.php,200,OK,Thread Group 1-2,text,true,191,6460
1370224288641,6386,/addlava.php,200,OK,Thread Group 1-32,text,true,191,6386
1370224288751,6353,/addlava.php,200,OK,Thread Group 1-31,text,true,191,6353
1370224288695,6447,/addlava.php,200,OK,Thread Group 1-3,text,true,191,6447
1370224288848,6355,/addlava.php,200,OK,Thread Group 1-33,text,true,191,6355
1370224288885,6374,/addlava.php,200,OK,Thread Group 1-21,text,true,191,6374
1370224288920,6379,/addlava.php,200,OK,Thread Group 1-34,text,true,191,6379
1370224289048,6284,/addlava.php,200,OK,Thread Group 1-37,text,true,191,6284
1370224289105,6260,/addlava.php,200,OK,Thread Group 1-36,text,true,191,6260
1370224288996,6408,/addlava.php,200,OK,Thread Group 1-35,text,true,191,6408
1370224289266,6195,/addlava.php,200,OK,Thread Group 1-38,text,true,191,6195
1370224289329,6173,/addlava.php,200,OK,Thread Group 1-7,text,true,191,6173
1370224289360,6243,/addlava.php,200,OK,Thread Group 1-8,text,true,191,6243
1370224289394,6259,/addlava.php,200,OK,Thread Group 1-40,text,true,191,6259
1370224289428,6251,/addlava.php,200,OK,Thread Group 1-39,text,true,191,6251
1370224289497,6214,/addlava.php,200,OK,Thread Group 1-5,text,true,191,6214
1370224289588,6153,/addlava.php,200,OK,Thread Group 1-41,text,true,191,6153
1370224289774,5996,/addlava.php,200,OK,Thread Group 1-9,text,true,191,5996
1370224289812,5987,/addlava.php,200,OK,Thread Group 1-44,text,true,191,5987
1370224289914,5931,/addlava.php,200,OK,Thread Group 1-43,text,true,191,5931
1370224289942,5943,/addlava.php,200,OK,Thread Group 1-6,text,true,191,5943
1370224289993,5923,/addlava.php,200,OK,Thread Group 1-46,text,true,191,5923
1370224290056,5893,/addlava.php,200,OK,Thread Group 1-42,text,true,191,5893
1370224290198,5785,/addlava.php,200,OK,Thread Group 1-47,text,true,191,5785
1370224290262,5746,/addlava.php,200,OK,Thread Group 1-10,text,true,191,5746
1370224290309,5742,/addlava.php,200,OK,Thread Group 1-49,text,true,191,5742
1370224290328,5757,/addlava.php,200,OK,Thread Group 1-51,text,true,191,5757
1370224290375,5738,/addlava.php,200,OK,Thread Group 1-50,text,true,191,5738
1370224290421,5731,/addlava.php,200,OK,Thread Group 1-48,text,true,191,5731
1370224290463,5746,/addlava.php,200,OK,Thread Group 1-53,text,true,191,5746
1370224290504,5809,/addlava.php,200,OK,Thread Group 1-52,text,true,191,5809
1370224290591,5825,/addlava.php,200,OK,Thread Group 1-45,text,true,191,5825
1370224290631,5899,/addlava.php,200,OK,Thread Group 1-55,text,true,191,5899
1370224290664,6098,/addlava.php,200,OK,Thread Group 1-54,text,true,191,6098
1370224290705,6101,/addlava.php,200,OK,Thread Group 1-11,text,true,191,6101
1370224290553,6317,/addlava.php,200,OK,Thread Group 1-12,text,true,191,6317
1370224290756,6158,/addlava.php,200,OK,Thread Group 1-56,text,true,191,6158
1370224290797,6226,/addlava.php,200,OK,Thread Group 1-58,text,true,191,6226
1370224290841,6320,/addlava.php,200,OK,Thread Group 1-57,text,true,191,6320
1370224290886,6329,/addlava.php,200,OK,Thread Group 1-60,text,true,191,6329
1370224291062,6218,/addlava.php,200,OK,Thread Group 1-61,text,true,191,6218
1370224291083,6296,/addlava.php,200,OK,Thread Group 1-63,text,true,191,6296
1370224291062,6355,/addlava.php,200,OK,Thread Group 1-59,text,true,191,6355
1370224291240,6210,/addlava.php,200,OK,Thread Group 1-62,text,true,191,6210
1370224291313,6183,/addlava.php,200,OK,Thread Group 1-64,text,true,191,6183
1370224291440,6091,/addlava.php,200,OK,Thread Group 1-65,text,true,191,6091
1370224291491,6079,/addlava.php,200,OK,Thread Group 1-13,text,true,191,6079
1370224291523,6089,/addlava.php,200,OK,Thread Group 1-67,text,true,191,6089
1370224291597,6068,/addlava.php,200,OK,Thread Group 1-66,text,true,191,6068
1370224291747,5955,/addlava.php,200,OK,Thread Group 1-68,text,true,191,5955
1370224291794,5977,/addlava.php,200,OK,Thread Group 1-69,text,true,191,5977
1370224291828,5980,/addlava.php,200,OK,Thread Group 1-70,text,true,191,5980
1370224291875,5975,/addlava.php,200,OK,Thread Group 1-72,text,true,191,5975
1370224291927,5954,/addlava.php,200,OK,Thread Group 1-73,text,true,191,5954
1370224291976,5938,/addlava.php,200,OK,Thread Group 1-71,text,true,191,5938
1370224292018,6039,/addlava.php,200,OK,Thread Group 1-15,text,true,191,6039
1370224292080,6071,/addlava.php,200,OK,Thread Group 1-1,text,true,191,6071
1370224292117,6064,/addlava.php,200,OK,Thread Group 1-14,text,true,191,6064
1370224292151,6071,/addlava.php,200,OK,Thread Group 1-4,text,true,191,6071
1370224292231,6022,/addlava.php,200,OK,Thread Group 1-22,text,true,191,6022
1370224292274,6011,/addlava.php,200,OK,Thread Group 1-90,text,true,191,6011
1370224292330,5987,/addlava.php,200,OK,Thread Group 1-74,text,true,191,5987
1370224292371,5994,/addlava.php,200,OK,Thread Group 1-89,text,true,191,5994
1370224292411,5995,/addlava.php,200,OK,Thread Group 1-87,text,true,191,5995
1370224292445,6012,/addlava.php,200,OK,Thread Group 1-86,text,true,191,6012
1370224292473,6018,/addlava.php,200,OK,Thread Group 1-78,text,true,191,6018
1370224292509,6024,/addlava.php,200,OK,Thread Group 1-80,text,true,191,6024
1370224292542,6117,/addlava.php,200,OK,Thread Group 1-76,text,true,191,6117
1370224292632,6078,/addlava.php,200,OK,Thread Group 1-79,text,true,191,6078
1370224292692,6136,/addlava.php,200,OK,Thread Group 1-77,text,true,191,6136
1370224292606,6271,/addlava.php,200,OK,Thread Group 1-81,text,true,191,6271
1370224292665,6262,/addlava.php,200,OK,Thread Group 1-92,text,true,191,6262
1370224292573,6392,/addlava.php,200,OK,Thread Group 1-88,text,true,191,6392
1370224292892,6109,/addlava.php,200,OK,Thread Group 1-85,text,true,191,6109
1370224292971,6072,/addlava.php,200,OK,Thread Group 1-75,text,true,191,6072
1370224293047,6028,/addlava.php,200,OK,Thread Group 1-82,text,true,191,6028
1370224293021,6084,/addlava.php,200,OK,Thread Group 1-16,text,true,191,6084
1370224293105,6044,/addlava.php,200,OK,Thread Group 1-91,text,true,191,6044
1370224293150,6152,/addlava.php,200,OK,Thread Group 1-84,text,true,191,6152
1370224293188,6166,/addlava.php,200,OK,Thread Group 1-93,text,true,191,6166
1370224293333,6052,/addlava.php,200,OK,Thread Group 1-23,text,true,191,6052
1370224293368,6047,/addlava.php,200,OK,Thread Group 1-94,text,true,191,6047
1370224293405,6041,/addlava.php,200,OK,Thread Group 1-98,text,true,191,6041
1370224293452,6027,/addlava.php,200,OK,Thread Group 1-97,text,true,191,6027
1370224293562,5959,/addlava.php,200,OK,Thread Group 1-96,text,true,191,5959
1370224293808,5742,/addlava.php,200,OK,Thread Group 1-95,text,true,191,5742
1370224293879,5699,/addlava.php,200,OK,Thread Group 1-99,text,true,191,5699
1370224293944,5665,/addlava.php,200,OK,Thread Group 1-100,text,true,191,5665
1370224294148,5493,/addlava.php,200,OK,Thread Group 1-18,text,true,191,5493
1370224294081,5592,/addlava.php,200,OK,Thread Group 1-19,text,true,191,5592
1370224294400,5303,/addlava.php,200,OK,Thread Group 1-24,text,true,191,5303
1370224294333,5408,/addlava.php,200,OK,Thread Group 1-20,text,true,191,5408
1370224294560,5238,/addlava.php,200,OK,Thread Group 1-17,text,true,191,5238
1370224294727,5099,/addlava.php,200,OK,Thread Group 1-26,text,true,191,5099
1370224294621,5245,/addlava.php,200,OK,Thread Group 1-28,text,true,191,5245
1370224294762,5135,/addlava.php,200,OK,Thread Group 1-27,text,true,191,5135
1370224294798,5128,/addlava.php,200,OK,Thread Group 1-29,text,true,191,5128
1370224294832,5125,/addlava.php,200,OK,Thread Group 1-30,text,true,191,5125
1370224294932,5057,/addlava.php,200,OK,Thread Group 1-25,text,true,191,5057
1370224294980,5039,/addlava.php,200,OK,Thread Group 1-2,text,true,191,5039
1370224295027,5033,/addlava.php,200,OK,Thread Group 1-32,text,true,191,5033
1370224295104,5008,/addlava.php,200,OK,Thread Group 1-31,text,true,191,5008
1370224295142,5102,/addlava.php,200,OK,Thread Group 1-3,text,true,191,5102
1370224295203,5133,/addlava.php,200,OK,Thread Group 1-33,text,true,191,5133
1370224295299,5125,/addlava.php,200,OK,Thread Group 1-34,text,true,191,5125
1370224295259,5226,/addlava.php,200,OK,Thread Group 1-21,text,true,191,5226
1370224295460,5083,/addlava.php,200,OK,Thread Group 1-38,text,true,191,5083
1370224295404,5235,/addlava.php,200,OK,Thread Group 1-35,text,true,191,5235
1370224295502,5195,/addlava.php,200,OK,Thread Group 1-7,text,true,191,5195
1370224295332,5497,/addlava.php,200,OK,Thread Group 1-37,text,true,191,5497
1370224295602,5268,/addlava.php,200,OK,Thread Group 1-8,text,true,191,5268
1370224295679,5254,/addlava.php,200,OK,Thread Group 1-39,text,true,191,5254
1370224295711,5262,/addlava.php,200,OK,Thread Group 1-5,text,true,191,5262
1370224295741,5265,/addlava.php,200,OK,Thread Group 1-41,text,true,191,5265
1370224295770,5276,/addlava.php,200,OK,Thread Group 1-9,text,true,191,5276
1370224295798,5305,/addlava.php,200,OK,Thread Group 1-44,text,true,191,5305
1370224295844,5349,/addlava.php,200,OK,Thread Group 1-43,text,true,191,5349
1370224295916,5308,/addlava.php,200,OK,Thread Group 1-46,text,true,191,5308
1370224295884,5390,/addlava.php,200,OK,Thread Group 1-6,text,true,191,5390
1370224295983,5357,/addlava.php,200,OK,Thread Group 1-47,text,true,191,5357
1370224296009,5361,/addlava.php,200,OK,Thread Group 1-10,text,true,191,5361
1370224295949,5470,/addlava.php,200,OK,Thread Group 1-42,text,true,191,5470
1370224296052,5437,/addlava.php,200,OK,Thread Group 1-49,text,true,191,5437
1370224296113,5420,/addlava.php,200,OK,Thread Group 1-50,text,true,191,5420
1370224296153,5418,/addlava.php,200,OK,Thread Group 1-48,text,true,191,5418
1370224296209,5399,/addlava.php,200,OK,Thread Group 1-53,text,true,191,5399
1370224296314,5329,/addlava.php,200,OK,Thread Group 1-52,text,true,191,5329
1370224296086,5615,/addlava.php,200,OK,Thread Group 1-51,text,true,191,5615
1370224296532,5234,/addlava.php,200,OK,Thread Group 1-55,text,true,191,5234
1370224296763,5053,/addlava.php,200,OK,Thread Group 1-54,text,true,191,5053
1370224296808,5039,/addlava.php,200,OK,Thread Group 1-11,text,true,191,5039
1370224296872,5109,/addlava.php,200,OK,Thread Group 1-12,text,true,191,5109
1370224296915,5132,/addlava.php,200,OK,Thread Group 1-56,text,true,191,5132
1370224297025,5084,/addlava.php,200,OK,Thread Group 1-58,text,true,191,5084
1370224297163,5108,/addlava.php,200,OK,Thread Group 1-57,text,true,191,5108
1370224297217,5095,/addlava.php,200,OK,Thread Group 1-60,text,true,191,5095
1370224297283,5130,/addlava.php,200,OK,Thread Group 1-61,text,true,191,5130
1370224297381,5059,/addlava.php,200,OK,Thread Group 1-63,text,true,191,5059
1370224297420,5120,/addlava.php,200,OK,Thread Group 1-59,text,true,191,5120
1370224297452,5139,/addlava.php,200,OK,Thread Group 1-62,text,true,191,5139
1370224297498,5202,/addlava.php,200,OK,Thread Group 1-64,text,true,191,5202
1370224297534,5217,/addlava.php,200,OK,Thread Group 1-65,text,true,191,5217
1370224297572,5235,/addlava.php,200,OK,Thread Group 1-13,text,true,191,5235
1370224297615,5304,/addlava.php,200,OK,Thread Group 1-67,text,true,191,5304
1370224295653,7300,/addlava.php,200,OK,Thread Group 1-40,text,true,191,7300
1370224297668,5323,/addlava.php,200,OK,Thread Group 1-66,text,true,191,5323
1370224297704,5317,/addlava.php,200,OK,Thread Group 1-68,text,true,191,5317
1370224297774,5305,/addlava.php,200,OK,Thread Group 1-69,text,true,191,5305
1370224297812,5416,/addlava.php,200,OK,Thread Group 1-70,text,true,191,5416
1370224297854,5439,/addlava.php,200,OK,Thread Group 1-72,text,true,191,5439
1370224297890,5453,/addlava.php,200,OK,Thread Group 1-73,text,true,191,5453
1370224297918,5548,/addlava.php,200,OK,Thread Group 1-71,text,true,191,5548
1370224298156,5360,/addlava.php,200,OK,Thread Group 1-1,text,true,191,5360
1370224298185,5437,/addlava.php,200,OK,Thread Group 1-14,text,true,191,5437
1370224298061,5625,/addlava.php,200,OK,Thread Group 1-15,text,true,191,5625
1370224298226,5497,/addlava.php,200,OK,Thread Group 1-4,text,true,191,5497
1370224298258,5506,/addlava.php,200,OK,Thread Group 1-22,text,true,191,5506
1370224298290,5531,/addlava.php,200,OK,Thread Group 1-90,text,true,191,5531
1370224293274,10672,/addlava.php,200,OK,Thread Group 1-83,text,true,191,10672
1370224298321,5673,/addlava.php,200,OK,Thread Group 1-74,text,true,191,5673
1370224295364,8710,/addlava.php,200,OK,Thread Group 1-36,text,true,191,8710
1370224298410,5789,/addlava.php,200,OK,Thread Group 1-87,text,true,191,5789
1370224296416,7849,/addlava.php,200,OK,Thread Group 1-45,text,true,191,7849
1370224298461,5865,/addlava.php,200,OK,Thread Group 1-86,text,true,191,5865
1370224298495,5945,/addlava.php,200,OK,Thread Group 1-78,text,true,191,5945
1370224298370,6123,/addlava.php,200,OK,Thread Group 1-89,text,true,191,6123
1370224298538,6007,/addlava.php,200,OK,Thread Group 1-80,text,true,191,6007
1370224298664,5923,/addlava.php,200,OK,Thread Group 1-76,text,true,191,5923
1370224298715,5931,/addlava.php,200,OK,Thread Group 1-79,text,true,191,5931
1370224298832,5866,/addlava.php,200,OK,Thread Group 1-77,text,true,191,5866
1370224298881,5921,/addlava.php,200,OK,Thread Group 1-81,text,true,191,5921
1370224298931,5929,/addlava.php,200,OK,Thread Group 1-92,text,true,191,5929
1370224298970,6034,/addlava.php,200,OK,Thread Group 1-88,text,true,191,6034
1370224299005,6100,/addlava.php,200,OK,Thread Group 1-85,text,true,191,6100
1370224299047,6184,/addlava.php,200,OK,Thread Group 1-75,text,true,191,6184
1370224299079,6197,/addlava.php,200,OK,Thread Group 1-82,text,true,191,6197
1370224299110,6220,/addlava.php,200,OK,Thread Group 1-16,text,true,191,6220
1370224299306,6145,/addlava.php,200,OK,Thread Group 1-84,text,true,191,6145
1370224299358,6145,/addlava.php,200,OK,Thread Group 1-93,text,true,191,6145
1370224299152,6451,/addlava.php,200,OK,Thread Group 1-91,text,true,191,6451
1370224299389,6261,/addlava.php,200,OK,Thread Group 1-23,text,true,191,6261
1370224299419,6269,/addlava.php,200,OK,Thread Group 1-94,text,true,191,6269
1370224299450,6283,/addlava.php,200,OK,Thread Group 1-98,text,true,191,6283
1370224299483,6274,/addlava.php,200,OK,Thread Group 1-97,text,true,191,6274
1370224299525,6289,/addlava.php,200,OK,Thread Group 1-96,text,true,191,6289
1370224299553,6311,/addlava.php,200,OK,Thread Group 1-95,text,true,191,6311
1370224299582,6335,/addlava.php,200,OK,Thread Group 1-99,text,true,191,6335
1370224299613,6341,/addlava.php,200,OK,Thread Group 1-100,text,true,191,6341
1370224299645,6351,/addlava.php,200,OK,Thread Group 1-18,text,true,191,6351
1370224299677,6357,/addlava.php,200,OK,Thread Group 1-19,text,true,191,6357
1370224299707,6359,/addlava.php,200,OK,Thread Group 1-24,text,true,191,6359
1370224299745,6363,/addlava.php,200,OK,Thread Group 1-20,text,true,191,6363
1370224299801,6327,/addlava.php,200,OK,Thread Group 1-17,text,true,191,6327
1370224299830,6338,/addlava.php,200,OK,Thread Group 1-26,text,true,191,6338
1370224299870,6355,/addlava.php,200,OK,Thread Group 1-28,text,true,191,6355
1370224299901,6353,/addlava.php,200,OK,Thread Group 1-27,text,true,191,6353
1370224299929,6358,/addlava.php,200,OK,Thread Group 1-29,text,true,191,6358
1370224299961,6450,/addlava.php,200,OK,Thread Group 1-30,text,true,191,6450
1370224299994,6463,/addlava.php,200,OK,Thread Group 1-25,text,true,191,6463
1370224300023,6588,/addlava.php,200,OK,Thread Group 1-2,text,true,191,6588
1370224300064,6651,/addlava.php,200,OK,Thread Group 1-32,text,true,191,6651
1370224300115,6644,/addlava.php,200,OK,Thread Group 1-31,text,true,191,6644
1370224300248,6551,/addlava.php,200,OK,Thread Group 1-3,text,true,191,6551
1370224300339,6490,/addlava.php,200,OK,Thread Group 1-33,text,true,191,6490
1370224300428,6437,/addlava.php,200,OK,Thread Group 1-34,text,true,191,6437
1370224300489,6406,/addlava.php,200,OK,Thread Group 1-21,text,true,191,6406
1370224300547,6387,/addlava.php,200,OK,Thread Group 1-38,text,true,191,6387
1370224300644,6390,/addlava.php,200,OK,Thread Group 1-35,text,true,191,6390
1370224300700,6405,/addlava.php,200,OK,Thread Group 1-7,text,true,191,6405
1370224300833,6316,/addlava.php,200,OK,Thread Group 1-37,text,true,191,6316
1370224300873,6364,/addlava.php,200,OK,Thread Group 1-8,text,true,191,6364
1370224300936,6333,/addlava.php,200,OK,Thread Group 1-39,text,true,191,6333
1370224300976,6327,/addlava.php,200,OK,Thread Group 1-5,text,true,191,6327
1370224301009,6317,/addlava.php,200,OK,Thread Group 1-41,text,true,191,6317
1370224301049,6307,/addlava.php,200,OK,Thread Group 1-9,text,true,191,6307
1370224301107,6278,/addlava.php,200,OK,Thread Group 1-44,text,true,191,6278
1370224301196,6220,/addlava.php,200,OK,Thread Group 1-43,text,true,191,6220
1370224301227,6214,/addlava.php,200,OK,Thread Group 1-46,text,true,191,6214
1370224301278,6218,/addlava.php,200,OK,Thread Group 1-6,text,true,191,6218
1370224301343,6189,/addlava.php,200,OK,Thread Group 1-47,text,true,191,6189
1370224301373,6262,/addlava.php,200,OK,Thread Group 1-10,text,true,191,6262
1370224301423,6293,/addlava.php,200,OK,Thread Group 1-42,text,true,191,6293
1370224301491,6415,/addlava.php,200,OK,Thread Group 1-49,text,true,191,6415
1370224301536,6421,/addlava.php,200,OK,Thread Group 1-50,text,true,191,6421
1370224301574,6710,/addlava.php,200,OK,Thread Group 1-48,text,true,191,6710
1370224301645,6697,/addlava.php,200,OK,Thread Group 1-52,text,true,191,6697
1370224301610,6808,/addlava.php,200,OK,Thread Group 1-53,text,true,191,6808
1370224301769,6773,/addlava.php,200,OK,Thread Group 1-55,text,true,191,6773
1370224301704,6894,/addlava.php,200,OK,Thread Group 1-51,text,true,191,6894
1370224301819,6915,/addlava.php,200,OK,Thread Group 1-54,text,true,191,6915
1370224301850,6939,/addlava.php,200,OK,Thread Group 1-11,text,true,191,6939
1370224301984,6864,/addlava.php,200,OK,Thread Group 1-12,text,true,191,6864
1370224302049,6899,/addlava.php,200,OK,Thread Group 1-56,text,true,191,6899
1370224302112,6872,/addlava.php,200,OK,Thread Group 1-58,text,true,191,6872
1370224302274,6761,/addlava.php,200,OK,Thread Group 1-57,text,true,191,6761
1370224302315,6792,/addlava.php,200,OK,Thread Group 1-60,text,true,191,6792
1370224302415,6743,/addlava.php,200,OK,Thread Group 1-61,text,true,191,6743
1370224302443,6827,/addlava.php,200,OK,Thread Group 1-63,text,true,191,6827
1370224302543,6770,/addlava.php,200,OK,Thread Group 1-59,text,true,191,6770
1370224302594,6769,/addlava.php,200,OK,Thread Group 1-62,text,true,191,6769
1370224302703,6710,/addlava.php,200,OK,Thread Group 1-64,text,true,191,6710
1370224302754,6683,/addlava.php,200,OK,Thread Group 1-65,text,true,191,6683
1370224302809,6674,/addlava.php,200,OK,Thread Group 1-13,text,true,191,6674
1370224302921,6676,/addlava.php,200,OK,Thread Group 1-67,text,true,191,6676
1370224302956,6686,/addlava.php,200,OK,Thread Group 1-40,text,true,191,6686
1370224302993,6684,/addlava.php,200,OK,Thread Group 1-66,text,true,191,6684
1370224303023,6688,/addlava.php,200,OK,Thread Group 1-68,text,true,191,6688
1370224303081,6682,/addlava.php,200,OK,Thread Group 1-69,text,true,191,6682
1370224303231,6575,/addlava.php,200,OK,Thread Group 1-70,text,true,191,6575
1370224303295,6550,/addlava.php,200,OK,Thread Group 1-72,text,true,191,6550
1370224303346,6600,/addlava.php,200,OK,Thread Group 1-73,text,true,191,6600
1370224303469,6523,/addlava.php,200,OK,Thread Group 1-71,text,true,191,6523
1370224303518,6503,/addlava.php,200,OK,Thread Group 1-1,text,true,191,6503
1370224303624,6443,/addlava.php,200,OK,Thread Group 1-14,text,true,191,6443
1370224303688,6515,/addlava.php,200,OK,Thread Group 1-15,text,true,191,6515
1370224303726,6526,/addlava.php,200,OK,Thread Group 1-4,text,true,191,6526
1370224303766,6526,/addlava.php,200,OK,Thread Group 1-22,text,true,191,6526
1370224303824,6494,/addlava.php,200,OK,Thread Group 1-90,text,true,191,6494
1370224303950,6402,/addlava.php,200,OK,Thread Group 1-83,text,true,191,6402
1370224303996,6428,/addlava.php,200,OK,Thread Group 1-74,text,true,191,6428
1370224304090,6390,/addlava.php,200,OK,Thread Group 1-36,text,true,191,6390
1370224304202,6326,/addlava.php,200,OK,Thread Group 1-87,text,true,191,6326
1370224304267,6285,/addlava.php,200,OK,Thread Group 1-45,text,true,191,6285
1370224304329,6253,/addlava.php,200,OK,Thread Group 1-86,text,true,191,6253
1370224304442,6172,/addlava.php,200,OK,Thread Group 1-78,text,true,191,6172
1370224304495,6151,/addlava.php,200,OK,Thread Group 1-89,text,true,191,6151
1370224304548,6132,/addlava.php,200,OK,Thread Group 1-80,text,true,191,6132
1370224304590,6121,/addlava.php,200,OK,Thread Group 1-76,text,true,191,6121
1370224304648,6096,/addlava.php,200,OK,Thread Group 1-79,text,true,191,6096
1370224304701,6138,/addlava.php,200,OK,Thread Group 1-77,text,true,191,6138
1370224304804,6066,/addlava.php,200,OK,Thread Group 1-81,text,true,191,6066
1370224304862,6043,/addlava.php,200,OK,Thread Group 1-92,text,true,191,6043
1370224305007,5950,/addlava.php,200,OK,Thread Group 1-88,text,true,191,5950
1370224305107,5905,/addlava.php,200,OK,Thread Group 1-85,text,true,191,5905
1370224305233,5816,/addlava.php,200,OK,Thread Group 1-75,text,true,191,5816
1370224305279,5806,/addlava.php,200,OK,Thread Group 1-82,text,true,191,5806
1370224305333,5781,/addlava.php,200,OK,Thread Group 1-16,text,true,191,5781
1370224305454,5704,/addlava.php,200,OK,Thread Group 1-84,text,true,191,5704
1370224305506,5711,/addlava.php,200,OK,Thread Group 1-93,text,true,191,5711
1370224305605,5660,/addlava.php,200,OK,Thread Group 1-91,text,true,191,5660
1370224305652,5679,/addlava.php,200,OK,Thread Group 1-23,text,true,191,5679
1370224305692,5746,/addlava.php,200,OK,Thread Group 1-94,text,true,191,5746
1370224305736,5739,/addlava.php,200,OK,Thread Group 1-98,text,true,191,5739
1370224305760,5761,/addlava.php,200,OK,Thread Group 1-97,text,true,191,5761
1370224305816,5745,/addlava.php,200,OK,Thread Group 1-96,text,true,191,5745
1370224305867,5742,/addlava.php,200,OK,Thread Group 1-95,text,true,191,5742
1370224305920,5790,/addlava.php,200,OK,Thread Group 1-99,text,true,191,5790
1370224305957,5807,/addlava.php,200,OK,Thread Group 1-100,text,true,191,5807
1370224305998,5799,/addlava.php,200,OK,Thread Group 1-18,text,true,191,5799
1370224306036,5791,/addlava.php,200,OK,Thread Group 1-19,text,true,191,5791
1370224306068,5793,/addlava.php,200,OK,Thread Group 1-24,text,true,191,5793
1370224306110,5803,/addlava.php,200,OK,Thread Group 1-20,text,true,191,5803
1370224306130,5890,/addlava.php,200,OK,Thread Group 1-17,text,true,191,5890
1370224306170,5885,/addlava.php,200,OK,Thread Group 1-26,text,true,191,5885
1370224306226,5878,/addlava.php,200,OK,Thread Group 1-28,text,true,191,5878
1370224306256,5893,/addlava.php,200,OK,Thread Group 1-27,text,true,191,5893
1370224306289,5978,/addlava.php,200,OK,Thread Group 1-29,text,true,191,5978
1370224306414,5898,/addlava.php,200,OK,Thread Group 1-30,text,true,191,5898
1370224306458,5890,/addlava.php,200,OK,Thread Group 1-25,text,true,191,5890
1370224306613,5779,/addlava.php,200,OK,Thread Group 1-2,text,true,191,5779
1370224306717,5783,/addlava.php,200,OK,Thread Group 1-32,text,true,191,5783
1370224306760,5797,/addlava.php,200,OK,Thread Group 1-31,text,true,191,5797
1370224306801,5877,/addlava.php,200,OK,Thread Group 1-3,text,true,191,5877
1370224306831,5891,/addlava.php,200,OK,Thread Group 1-33,text,true,191,5891
1370224306867,5895,/addlava.php,200,OK,Thread Group 1-34,text,true,191,5895
1370224306897,5899,/addlava.php,200,OK,Thread Group 1-21,text,true,191,5899
1370224306936,5909,/addlava.php,200,OK,Thread Group 1-38,text,true,191,5909
1370224307036,5842,/addlava.php,200,OK,Thread Group 1-35,text,true,191,5842
1370224307107,5808,/addlava.php,200,OK,Thread Group 1-7,text,true,191,5808
1370224307152,5836,/addlava.php,200,OK,Thread Group 1-37,text,true,191,5836
1370224307238,5773,/addlava.php,200,OK,Thread Group 1-8,text,true,191,5773
1370224307270,5779,/addlava.php,200,OK,Thread Group 1-39,text,true,191,5779
1370224307305,5773,/addlava.php,200,OK,Thread Group 1-5,text,true,191,5773
1370224307327,5779,/addlava.php,200,OK,Thread Group 1-41,text,true,191,5779
1370224307358,5774,/addlava.php,200,OK,Thread Group 1-9,text,true,191,5774
1370224307386,5781,/addlava.php,200,OK,Thread Group 1-44,text,true,191,5781
1370224307418,5774,/addlava.php,200,OK,Thread Group 1-43,text,true,191,5774
1370224307442,5777,/addlava.php,200,OK,Thread Group 1-46,text,true,191,5777
1370224307498,5756,/addlava.php,200,OK,Thread Group 1-6,text,true,191,5756
1370224307533,5754,/addlava.php,200,OK,Thread Group 1-47,text,true,191,5754
1370224307636,5685,/addlava.php,200,OK,Thread Group 1-10,text,true,191,5685
1370224307717,5635,/addlava.php,200,OK,Thread Group 1-42,text,true,191,5635
1370224307907,5505,/addlava.php,200,OK,Thread Group 1-49,text,true,191,5505
1370224307958,5481,/addlava.php,200,OK,Thread Group 1-50,text,true,191,5481
1370224308285,5185,/addlava.php,200,OK,Thread Group 1-48,text,true,191,5185
1370224308346,5167,/addlava.php,200,OK,Thread Group 1-52,text,true,191,5167
1370224308420,5121,/addlava.php,200,OK,Thread Group 1-53,text,true,191,5121
1370224308543,5027,/addlava.php,200,OK,Thread Group 1-55,text,true,191,5027
1370224308599,4998,/addlava.php,200,OK,Thread Group 1-51,text,true,191,4998
1370224308735,4896,/addlava.php,200,OK,Thread Group 1-54,text,true,191,4896
1370224308791,4868,/addlava.php,200,OK,Thread Group 1-11,text,true,191,4868
1370224308850,4844,/addlava.php,200,OK,Thread Group 1-12,text,true,191,4844
1370224308950,4771,/addlava.php,200,OK,Thread Group 1-56,text,true,191,4771
1370224308985,4765,/addlava.php,200,OK,Thread Group 1-58,text,true,191,4765
1370224309037,4771,/addlava.php,200,OK,Thread Group 1-57,text,true,191,4771
1370224309112,4736,/addlava.php,200,OK,Thread Group 1-60,text,true,191,4736
1370224309163,4728,/addlava.php,200,OK,Thread Group 1-61,text,true,191,4728
1370224309271,4650,/addlava.php,200,OK,Thread Group 1-63,text,true,191,4650
1370224309316,4646,/addlava.php,200,OK,Thread Group 1-59,text,true,191,4646
1370224309364,4630,/addlava.php,200,OK,Thread Group 1-62,text,true,191,4630
1370224309414,4635,/addlava.php,200,OK,Thread Group 1-64,text,true,191,4635
1370224309438,4730,/addlava.php,200,OK,Thread Group 1-65,text,true,191,4730
1370224309486,4753,/addlava.php,200,OK,Thread Group 1-13,text,true,191,4753
1370224309598,4756,/addlava.php,200,OK,Thread Group 1-67,text,true,191,4756
1370224309644,4749,/addlava.php,200,OK,Thread Group 1-40,text,true,191,4749
1370224309679,4768,/addlava.php,200,OK,Thread Group 1-66,text,true,191,4768
1370224309713,4782,/addlava.php,200,OK,Thread Group 1-68,text,true,191,4782
1370224309765,4782,/addlava.php,200,OK,Thread Group 1-69,text,true,191,4782
1370224309808,4872,/addlava.php,200,OK,Thread Group 1-70,text,true,191,4872
1370224309846,4877,/addlava.php,200,OK,Thread Group 1-72,text,true,191,4877
1370224309947,4889,/addlava.php,200,OK,Thread Group 1-73,text,true,191,4889
1370224309994,4898,/addlava.php,200,OK,Thread Group 1-71,text,true,191,4898
1370224310023,4910,/addlava.php,200,OK,Thread Group 1-1,text,true,191,4910
1370224310069,4922,/addlava.php,200,OK,Thread Group 1-14,text,true,191,4922
1370224310205,4813,/addlava.php,200,OK,Thread Group 1-15,text,true,191,4813
1370224310253,4824,/addlava.php,200,OK,Thread Group 1-4,text,true,191,4824
1370224310293,4829,/addlava.php,200,OK,Thread Group 1-22,text,true,191,4829
1370224310319,4843,/addlava.php,200,OK,Thread Group 1-90,text,true,191,4843
1370224310353,4845,/addlava.php,200,OK,Thread Group 1-83,text,true,191,4845
1370224310425,4809,/addlava.php,200,OK,Thread Group 1-74,text,true,191,4809
1370224310481,4808,/addlava.php,200,OK,Thread Group 1-36,text,true,191,4808
1370224310530,4848,/addlava.php,200,OK,Thread Group 1-87,text,true,191,4848
1370224310554,4874,/addlava.php,200,OK,Thread Group 1-45,text,true,191,4874
1370224310584,4882,/addlava.php,200,OK,Thread Group 1-86,text,true,191,4882
1370224310615,4878,/addlava.php,200,OK,Thread Group 1-78,text,true,191,4878
1370224310647,4924,/addlava.php,200,OK,Thread Group 1-89,text,true,191,4924
1370224310682,4949,/addlava.php,200,OK,Thread Group 1-80,text,true,191,4949
1370224310713,4969,/addlava.php,200,OK,Thread Group 1-76,text,true,191,4969
1370224310746,4968,/addlava.php,200,OK,Thread Group 1-79,text,true,191,4968
1370224310840,4908,/addlava.php,200,OK,Thread Group 1-77,text,true,191,4908
1370224310872,4914,/addlava.php,200,OK,Thread Group 1-81,text,true,191,4914
1370224310907,4906,/addlava.php,200,OK,Thread Group 1-92,text,true,191,4906
1370224310959,4887,/addlava.php,200,OK,Thread Group 1-88,text,true,191,4887
1370224311018,4856,/addlava.php,200,OK,Thread Group 1-85,text,true,191,4856
1370224311052,4863,/addlava.php,200,OK,Thread Group 1-75,text,true,191,4863
1370224311087,4860,/addlava.php,200,OK,Thread Group 1-82,text,true,191,4860
1370224311120,4862,/addlava.php,200,OK,Thread Group 1-16,text,true,191,4862
1370224311162,4839,/addlava.php,200,OK,Thread Group 1-84,text,true,191,4839
1370224311220,4841,/addlava.php,200,OK,Thread Group 1-93,text,true,191,4841
1370224311268,4839,/addlava.php,200,OK,Thread Group 1-91,text,true,191,4839
1370224311334,4867,/addlava.php,200,OK,Thread Group 1-23,text,true,191,4867
1370224311441,4827,/addlava.php,200,OK,Thread Group 1-94,text,true,191,4827
1370224311478,4826,/addlava.php,200,OK,Thread Group 1-98,text,true,191,4826
1370224311524,4827,/addlava.php,200,OK,Thread Group 1-97,text,true,191,4827
1370224311564,4825,/addlava.php,200,OK,Thread Group 1-96,text,true,191,4825
1370224311612,4797,/addlava.php,200,OK,Thread Group 1-95,text,true,191,4797
1370224311713,4728,/addlava.php,200,OK,Thread Group 1-99,text,true,191,4728
1370224311766,4715,/addlava.php,200,OK,Thread Group 1-100,text,true,191,4715
1370224311801,4712,/addlava.php,200,OK,Thread Group 1-18,text,true,191,4712
1370224311831,4712,/addlava.php,200,OK,Thread Group 1-19,text,true,191,4712
1370224311864,4707,/addlava.php,200,OK,Thread Group 1-24,text,true,191,4707
1370224311916,4687,/addlava.php,200,OK,Thread Group 1-20,text,true,191,4687
1370224312051,4619,/addlava.php,200,OK,Thread Group 1-17,text,true,191,4619
1370224312059,4657,/addlava.php,200,OK,Thread Group 1-26,text,true,191,4657
1370224312108,4651,/addlava.php,200,OK,Thread Group 1-28,text,true,191,4651
1370224312152,4641,/addlava.php,200,OK,Thread Group 1-27,text,true,191,4641
1370224312270,4569,/addlava.php,200,OK,Thread Group 1-29,text,true,191,4569
1370224312315,4547,/addlava.php,200,OK,Thread Group 1-30,text,true,191,4547
1370224312352,4543,/addlava.php,200,OK,Thread Group 1-25,text,true,191,4543
1370224312396,4526,/addlava.php,200,OK,Thread Group 1-2,text,true,191,4526
1370224312503,4449,/addlava.php,200,OK,Thread Group 1-32,text,true,191,4449
1370224312561,4425,/addlava.php,200,OK,Thread Group 1-31,text,true,191,4425
1370224312682,4333,/addlava.php,200,OK,Thread Group 1-3,text,true,191,4333
1370224312726,4339,/addlava.php,200,OK,Thread Group 1-33,text,true,191,4339
1370224312766,4341,/addlava.php,200,OK,Thread Group 1-34,text,true,191,4341
1370224312799,4320,/addlava.php,200,OK,Thread Group 1-21,text,true,191,4320
1370224312848,4331,/addlava.php,200,OK,Thread Group 1-38,text,true,191,4331
1370224312881,4334,/addlava.php,200,OK,Thread Group 1-35,text,true,191,4334
1370224312919,4388,/addlava.php,200,OK,Thread Group 1-7,text,true,191,4388
1370224312991,4358,/addlava.php,200,OK,Thread Group 1-37,text,true,191,4358
1370224313015,4376,/addlava.php,200,OK,Thread Group 1-8,text,true,191,4376
1370224313053,4369,/addlava.php,200,OK,Thread Group 1-39,text,true,191,4369
1370224313110,4345,/addlava.php,200,OK,Thread Group 1-41,text,true,191,4345
1370224313082,4456,/addlava.php,200,OK,Thread Group 1-5,text,true,191,4456
1370224313136,4498,/addlava.php,200,OK,Thread Group 1-9,text,true,191,4498
1370224313171,4489,/addlava.php,200,OK,Thread Group 1-44,text,true,191,4489
1370224313195,4541,/addlava.php,200,OK,Thread Group 1-43,text,true,191,4541
1370224313223,4616,/addlava.php,200,OK,Thread Group 1-46,text,true,191,4616
1370224313258,4654,/addlava.php,200,OK,Thread Group 1-6,text,true,191,4654
1370224313291,4649,/addlava.php,200,OK,Thread Group 1-47,text,true,191,4649
1370224313325,4646,/addlava.php,200,OK,Thread Group 1-10,text,true,191,4646
1370224313355,4680,/addlava.php,200,OK,Thread Group 1-42,text,true,191,4680
1370224313415,4696,/addlava.php,200,OK,Thread Group 1-49,text,true,191,4696
1370224313442,4696,/addlava.php,200,OK,Thread Group 1-50,text,true,191,4696
1370224313474,4875,/addlava.php,200,OK,Thread Group 1-48,text,true,191,4875
1370224313603,5002,/addlava.php,200,OK,Thread Group 1-51,text,true,191,5002
1370224313574,5063,/addlava.php,200,OK,Thread Group 1-55,text,true,191,5063
1370224313637,5046,/addlava.php,200,OK,Thread Group 1-54,text,true,191,5046
1370224313662,5046,/addlava.php,200,OK,Thread Group 1-11,text,true,191,5046
1370224313516,5228,/addlava.php,200,OK,Thread Group 1-52,text,true,191,5228
1370224313700,5066,/addlava.php,200,OK,Thread Group 1-12,text,true,191,5066
1370224313545,5250,/addlava.php,200,OK,Thread Group 1-53,text,true,191,5250
1370224313725,5099,/addlava.php,200,OK,Thread Group 1-56,text,true,191,5099
1370224313812,5046,/addlava.php,200,OK,Thread Group 1-57,text,true,191,5046
1370224313756,5133,/addlava.php,200,OK,Thread Group 1-58,text,true,191,5133
1370224313852,5071,/addlava.php,200,OK,Thread Group 1-60,text,true,191,5071
1370224313924,5050,/addlava.php,200,OK,Thread Group 1-63,text,true,191,5050
1370224313895,5110,/addlava.php,200,OK,Thread Group 1-61,text,true,191,5110
1370224313968,5082,/addlava.php,200,OK,Thread Group 1-59,text,true,191,5082
1370224314001,5080,/addlava.php,200,OK,Thread Group 1-62,text,true,191,5080
1370224314053,5094,/addlava.php,200,OK,Thread Group 1-64,text,true,191,5094
1370224314172,5034,/addlava.php,200,OK,Thread Group 1-65,text,true,191,5034
1370224314242,5022,/addlava.php,200,OK,Thread Group 1-13,text,true,191,5022
1370224314357,4944,/addlava.php,200,OK,Thread Group 1-67,text,true,191,4944
1370224314396,5006,/addlava.php,200,OK,Thread Group 1-40,text,true,191,5006
1370224314451,4986,/addlava.php,200,OK,Thread Group 1-66,text,true,191,4986
1370224314499,5059,/addlava.php,200,OK,Thread Group 1-68,text,true,191,5059
1370224314550,5086,/addlava.php,200,OK,Thread Group 1-69,text,true,191,5086
1370224314683,5017,/addlava.php,200,OK,Thread Group 1-70,text,true,191,5017
1370224314726,5002,/addlava.php,200,OK,Thread Group 1-72,text,true,191,5002
1370224314839,4918,/addlava.php,200,OK,Thread Group 1-73,text,true,191,4918
1370224314895,4899,/addlava.php,200,OK,Thread Group 1-71,text,true,191,4899
1370224314937,4886,/addlava.php,200,OK,Thread Group 1-1,text,true,191,4886
1370224314995,4857,/addlava.php,200,OK,Thread Group 1-14,text,true,191,4857
1370224315080,4804,/addlava.php,200,OK,Thread Group 1-4,text,true,191,4804
1370224315125,4788,/addlava.php,200,OK,Thread Group 1-22,text,true,191,4788
1370224315166,4778,/addlava.php,200,OK,Thread Group 1-90,text,true,191,4778
1370224315202,4828,/addlava.php,200,OK,Thread Group 1-83,text,true,191,4828
1370224315239,4838,/addlava.php,200,OK,Thread Group 1-74,text,true,191,4838
1370224315293,4825,/addlava.php,200,OK,Thread Group 1-36,text,true,191,4825
1370224315021,5198,/addlava.php,200,OK,Thread Group 1-15,text,true,191,5198
1370224315383,4867,/addlava.php,200,OK,Thread Group 1-87,text,true,191,4867
1370224315433,4850,/addlava.php,200,OK,Thread Group 1-45,text,true,191,4850
1370224315500,4818,/addlava.php,200,OK,Thread Group 1-78,text,true,191,4818
1370224315574,4777,/addlava.php,200,OK,Thread Group 1-89,text,true,191,4777
1370224315634,4751,/addlava.php,200,OK,Thread Group 1-80,text,true,191,4751
1370224315687,4728,/addlava.php,200,OK,Thread Group 1-76,text,true,191,4728
1370224315719,4736,/addlava.php,200,OK,Thread Group 1-79,text,true,191,4736
1370224315753,4735,/addlava.php,200,OK,Thread Group 1-77,text,true,191,4735
1370224315789,4726,/addlava.php,200,OK,Thread Group 1-81,text,true,191,4726
1370224315816,4795,/addlava.php,200,OK,Thread Group 1-92,text,true,191,4795
1370224315876,4773,/addlava.php,200,OK,Thread Group 1-85,text,true,191,4773
1370224315849,4848,/addlava.php,200,OK,Thread Group 1-88,text,true,191,4848
1370224315918,4816,/addlava.php,200,OK,Thread Group 1-75,text,true,191,4816
1370224315472,5337,/addlava.php,200,OK,Thread Group 1-86,text,true,191,5337
1370224315986,4867,/addlava.php,200,OK,Thread Group 1-16,text,true,191,4867
1370224316007,4878,/addlava.php,200,OK,Thread Group 1-84,text,true,191,4878
1370224316065,4868,/addlava.php,200,OK,Thread Group 1-93,text,true,191,4868
1370224316112,4869,/addlava.php,200,OK,Thread Group 1-91,text,true,191,4869
1370224316273,4759,/addlava.php,200,OK,Thread Group 1-94,text,true,191,4759
1370224316354,4718,/addlava.php,200,OK,Thread Group 1-97,text,true,191,4718
1370224316307,4938,/addlava.php,200,OK,Thread Group 1-98,text,true,191,4938
1370224316392,4893,/addlava.php,200,OK,Thread Group 1-96,text,true,191,4893
1370224316204,5120,/addlava.php,200,OK,Thread Group 1-23,text,true,191,5120
1370224316414,4948,/addlava.php,200,OK,Thread Group 1-95,text,true,191,4948
1370224315950,5483,/addlava.php,200,OK,Thread Group 1-82,text,true,191,5483
1370224316447,5029,/addlava.php,200,OK,Thread Group 1-99,text,true,191,5029
1370224316484,5114,/addlava.php,200,OK,Thread Group 1-100,text,true,191,5114
1370224316515,5158,/addlava.php,200,OK,Thread Group 1-18,text,true,191,5158
1370224316548,5163,/addlava.php,200,OK,Thread Group 1-19,text,true,191,5163
1370224316573,5250,/addlava.php,200,OK,Thread Group 1-24,text,true,191,5250
1370224316606,5257,/addlava.php,200,OK,Thread Group 1-20,text,true,191,5257
1370224316673,5218,/addlava.php,200,OK,Thread Group 1-17,text,true,191,5218
1370224316764,5192,/addlava.php,200,OK,Thread Group 1-28,text,true,191,5192
1370224316720,5264,/addlava.php,200,OK,Thread Group 1-26,text,true,191,5264
1370224316841,5171,/addlava.php,200,OK,Thread Group 1-29,text,true,191,5171
1370224316865,5206,/addlava.php,200,OK,Thread Group 1-30,text,true,191,5206
1370224316795,5310,/addlava.php,200,OK,Thread Group 1-27,text,true,191,5310
1370224316898,5232,/addlava.php,200,OK,Thread Group 1-25,text,true,191,5232
1370224316925,5235,/addlava.php,200,OK,Thread Group 1-2,text,true,191,5235
1370224316954,5245,/addlava.php,200,OK,Thread Group 1-32,text,true,191,5245
1370224316989,5243,/addlava.php,200,OK,Thread Group 1-31,text,true,191,5243
1370224317068,5195,/addlava.php,200,OK,Thread Group 1-33,text,true,191,5195
1370224317019,5342,/addlava.php,200,OK,Thread Group 1-3,text,true,191,5342
1370224317125,5278,/addlava.php,200,OK,Thread Group 1-21,text,true,191,5278
1370224317109,5337,/addlava.php,200,OK,Thread Group 1-34,text,true,191,5337
1370224317184,5311,/addlava.php,200,OK,Thread Group 1-38,text,true,191,5311
1370224317219,5410,/addlava.php,200,OK,Thread Group 1-35,text,true,191,5410
1370224317352,5319,/addlava.php,200,OK,Thread Group 1-37,text,true,191,5319
1370224317395,5301,/addlava.php,200,OK,Thread Group 1-8,text,true,191,5301
1370224317424,5316,/addlava.php,200,OK,Thread Group 1-39,text,true,191,5316
1370224317457,5313,/addlava.php,200,OK,Thread Group 1-41,text,true,191,5313
1370224317540,5273,/addlava.php,200,OK,Thread Group 1-5,text,true,191,5273
1370224317310,5570,/addlava.php,200,OK,Thread Group 1-7,text,true,191,5570
1370224317636,5288,/addlava.php,200,OK,Thread Group 1-9,text,true,191,5288
1370224317663,5292,/addlava.php,200,OK,Thread Group 1-44,text,true,191,5292
1370224317739,5247,/addlava.php,200,OK,Thread Group 1-43,text,true,191,5247
1370224317842,5180,/addlava.php,200,OK,Thread Group 1-46,text,true,191,5180
1370224317914,5166,/addlava.php,200,OK,Thread Group 1-6,text,true,191,5166
1370224317942,5177,/addlava.php,200,OK,Thread Group 1-47,text,true,191,5177
1370224317974,5270,/addlava.php,200,OK,Thread Group 1-10,text,true,191,5270
1370224318039,5242,/addlava.php,200,OK,Thread Group 1-42,text,true,191,5242
1370224318113,5199,/addlava.php,200,OK,Thread Group 1-49,text,true,191,5199
1370224318143,5205,/addlava.php,200,OK,Thread Group 1-50,text,true,191,5205
1370224318351,5036,/addlava.php,200,OK,Thread Group 1-48,text,true,191,5036
1370224318607,4817,/addlava.php,200,OK,Thread Group 1-51,text,true,191,4817
1370224318640,4828,/addlava.php,200,OK,Thread Group 1-55,text,true,191,4828
1370224318685,4908,/addlava.php,200,OK,Thread Group 1-54,text,true,191,4908
1370224318711,4923,/addlava.php,200,OK,Thread Group 1-11,text,true,191,4923
1370224318746,4924,/addlava.php,200,OK,Thread Group 1-52,text,true,191,4924
1370224318769,5006,/addlava.php,200,OK,Thread Group 1-12,text,true,191,5006
1370224318827,4999,/addlava.php,200,OK,Thread Group 1-56,text,true,191,4999
1370224318861,4998,/addlava.php,200,OK,Thread Group 1-57,text,true,191,4998
1370224318892,5025,/addlava.php,200,OK,Thread Group 1-58,text,true,191,5025
1370224318926,5040,/addlava.php,200,OK,Thread Group 1-60,text,true,191,5040
1370224318797,5231,/addlava.php,200,OK,Thread Group 1-53,text,true,191,5231
1370224318977,5139,/addlava.php,200,OK,Thread Group 1-63,text,true,191,5139
1370224319007,5149,/addlava.php,200,OK,Thread Group 1-61,text,true,191,5149
1370224319052,5140,/addlava.php,200,OK,Thread Group 1-59,text,true,191,5140
1370224319084,5139,/addlava.php,200,OK,Thread Group 1-62,text,true,191,5139
1370224319150,5102,/addlava.php,200,OK,Thread Group 1-64,text,true,191,5102
1370224319208,5075,/addlava.php,200,OK,Thread Group 1-65,text,true,191,5075
1370224319304,5031,/addlava.php,200,OK,Thread Group 1-67,text,true,191,5031
1370224319267,5100,/addlava.php,200,OK,Thread Group 1-13,text,true,191,5100
1370224319405,5100,/addlava.php,200,OK,Thread Group 1-40,text,true,191,5100
1370224319440,5135,/addlava.php,200,OK,Thread Group 1-66,text,true,191,5135
1370224319561,5050,/addlava.php,200,OK,Thread Group 1-68,text,true,191,5050
1370224319639,5066,/addlava.php,200,OK,Thread Group 1-69,text,true,191,5066
1370224319703,5042,/addlava.php,200,OK,Thread Group 1-70,text,true,191,5042
1370224319731,5056,/addlava.php,200,OK,Thread Group 1-72,text,true,191,5056
1370224319760,5075,/addlava.php,200,OK,Thread Group 1-73,text,true,191,5075
1370224319796,5179,/addlava.php,200,OK,Thread Group 1-71,text,true,191,5179
1370224319826,5201,/addlava.php,200,OK,Thread Group 1-1,text,true,191,5201
1370224319855,5216,/addlava.php,200,OK,Thread Group 1-14,text,true,191,5216
1370224319887,5217,/addlava.php,200,OK,Thread Group 1-4,text,true,191,5217
1370224319916,5220,/addlava.php,200,OK,Thread Group 1-22,text,true,191,5220
1370224319946,5294,/addlava.php,200,OK,Thread Group 1-90,text,true,191,5294
1370224320033,5295,/addlava.php,200,OK,Thread Group 1-83,text,true,191,5295
1370224320121,5245,/addlava.php,200,OK,Thread Group 1-36,text,true,191,5245
1370224320079,5322,/addlava.php,200,OK,Thread Group 1-74,text,true,191,5322
1370224320221,5205,/addlava.php,200,OK,Thread Group 1-15,text,true,191,5205
1370224320253,5228,/addlava.php,200,OK,Thread Group 1-87,text,true,191,5228
1370224320285,5255,/addlava.php,200,OK,Thread Group 1-45,text,true,191,5255
1370224320321,5256,/addlava.php,200,OK,Thread Group 1-78,text,true,191,5256
1370224320354,5255,/addlava.php,200,OK,Thread Group 1-89,text,true,191,5255
1370224320388,5279,/addlava.php,200,OK,Thread Group 1-80,text,true,191,5279
1370224320418,5293,/addlava.php,200,OK,Thread Group 1-76,text,true,191,5293
1370224320458,5344,/addlava.php,200,OK,Thread Group 1-79,text,true,191,5344
1370224320491,5354,/addlava.php,200,OK,Thread Group 1-77,text,true,191,5354
1370224320517,5374,/addlava.php,200,OK,Thread Group 1-81,text,true,191,5374
1370224320614,5325,/addlava.php,200,OK,Thread Group 1-92,text,true,191,5325
1370224320652,5391,/addlava.php,200,OK,Thread Group 1-85,text,true,191,5391
1370224320700,5375,/addlava.php,200,OK,Thread Group 1-88,text,true,191,5375
1370224320736,5387,/addlava.php,200,OK,Thread Group 1-75,text,true,191,5387
1370224320816,5337,/addlava.php,200,OK,Thread Group 1-86,text,true,191,5337
1370224320856,5376,/addlava.php,200,OK,Thread Group 1-16,text,true,191,5376
1370224320887,5378,/addlava.php,200,OK,Thread Group 1-84,text,true,191,5378
1370224320936,5438,/addlava.php,200,OK,Thread Group 1-93,text,true,191,5438
1370224320983,5442,/addlava.php,200,OK,Thread Group 1-91,text,true,191,5442
1370224321033,5493,/addlava.php,200,OK,Thread Group 1-94,text,true,191,5493
1370224321074,5488,/addlava.php,200,OK,Thread Group 1-97,text,true,191,5488
1370224321247,5351,/addlava.php,200,OK,Thread Group 1-98,text,true,191,5351
1370224321286,5339,/addlava.php,200,OK,Thread Group 1-96,text,true,191,5339
1370224321329,5328,/addlava.php,200,OK,Thread Group 1-23,text,true,191,5328
1370224321365,5377,/addlava.php,200,OK,Thread Group 1-95,text,true,191,5377
1370224321434,5338,/addlava.php,200,OK,Thread Group 1-82,text,true,191,5338
1370224321478,5325,/addlava.php,200,OK,Thread Group 1-99,text,true,191,5325
1370224321600,5276,/addlava.php,200,OK,Thread Group 1-100,text,true,191,5276
1370224321713,5205,/addlava.php,200,OK,Thread Group 1-19,text,true,191,5205
1370224321824,5156,/addlava.php,200,OK,Thread Group 1-24,text,true,191,5156
1370224321864,5239,/addlava.php,200,OK,Thread Group 1-20,text,true,191,5239
1370224321675,5476,/addlava.php,200,OK,Thread Group 1-18,text,true,191,5476
1370224321892,5291,/addlava.php,200,OK,Thread Group 1-17,text,true,191,5291
1370224321957,5260,/addlava.php,200,OK,Thread Group 1-28,text,true,191,5260
1370224321986,5286,/addlava.php,200,OK,Thread Group 1-26,text,true,191,5286
1370224322014,5298,/addlava.php,200,OK,Thread Group 1-29,text,true,191,5298
1370224322073,5303,/addlava.php,200,OK,Thread Group 1-30,text,true,191,5303
1370224322107,5349,/addlava.php,200,OK,Thread Group 1-27,text,true,191,5349
1370224322132,5372,/addlava.php,200,OK,Thread Group 1-25,text,true,191,5372
1370224322161,5405,/addlava.php,200,OK,Thread Group 1-2,text,true,191,5405
1370224322201,5413,/addlava.php,200,OK,Thread Group 1-32,text,true,191,5413
1370224322265,5404,/addlava.php,200,OK,Thread Group 1-33,text,true,191,5404
1370224322234,5480,/addlava.php,200,OK,Thread Group 1-31,text,true,191,5480
1370224322363,5434,/addlava.php,200,OK,Thread Group 1-3,text,true,191,5434
1370224322405,5422,/addlava.php,200,OK,Thread Group 1-21,text,true,191,5422
1370224322447,5412,/addlava.php,200,OK,Thread Group 1-34,text,true,191,5412
1370224322497,5392,/addlava.php,200,OK,Thread Group 1-38,text,true,191,5392
1370224322631,5323,/addlava.php,200,OK,Thread Group 1-35,text,true,191,5323
1370224322672,5303,/addlava.php,200,OK,Thread Group 1-37,text,true,191,5303
1370224322698,5333,/addlava.php,200,OK,Thread Group 1-8,text,true,191,5333
1370224322772,5335,/addlava.php,200,OK,Thread Group 1-41,text,true,191,5335
1370224322814,5309,/addlava.php,200,OK,Thread Group 1-5,text,true,191,5309
1370224322881,5305,/addlava.php,200,OK,Thread Group 1-7,text,true,191,5305
1370224322925,5357,/addlava.php,200,OK,Thread Group 1-9,text,true,191,5357
1370224322741,5601,/addlava.php,200,OK,Thread Group 1-39,text,true,191,5601
1370224322956,5438,/addlava.php,200,OK,Thread Group 1-44,text,true,191,5438
1370224322988,5461,/addlava.php,200,OK,Thread Group 1-43,text,true,191,5461
1370224323024,5497,/addlava.php,200,OK,Thread Group 1-46,text,true,191,5497
1370224323082,5489,/addlava.php,200,OK,Thread Group 1-6,text,true,191,5489
1370224323121,5528,/addlava.php,200,OK,Thread Group 1-47,text,true,191,5528
1370224323246,5456,/addlava.php,200,OK,Thread Group 1-10,text,true,191,5456
1370224323282,5469,/addlava.php,200,OK,Thread Group 1-42,text,true,191,5469
1370224323315,5495,/addlava.php,200,OK,Thread Group 1-49,text,true,191,5495
1370224323349,5595,/addlava.php,200,OK,Thread Group 1-50,text,true,191,5595
1370224323388,5624,/addlava.php,200,OK,Thread Group 1-48,text,true,191,5624
1370224323427,5638,/addlava.php,200,OK,Thread Group 1-51,text,true,191,5638
1370224323470,5636,/addlava.php,200,OK,Thread Group 1-55,text,true,191,5636
1370224323594,5554,/addlava.php,200,OK,Thread Group 1-54,text,true,191,5554
1370224323636,5552,/addlava.php,200,OK,Thread Group 1-11,text,true,191,5552
1370224323671,5556,/addlava.php,200,OK,Thread Group 1-52,text,true,191,5556
1370224323777,5510,/addlava.php,200,OK,Thread Group 1-12,text,true,191,5510
1370224323827,5514,/addlava.php,200,OK,Thread Group 1-56,text,true,191,5514
1370224323861,5519,/addlava.php,200,OK,Thread Group 1-57,text,true,191,5519
1370224323918,5506,/addlava.php,200,OK,Thread Group 1-58,text,true,191,5506
1370224324030,5432,/addlava.php,200,OK,Thread Group 1-53,text,true,191,5432
1370224324117,5395,/addlava.php,200,OK,Thread Group 1-63,text,true,191,5395
1370224324158,5465,/addlava.php,200,OK,Thread Group 1-61,text,true,191,5465
1370224324194,5467,/addlava.php,200,OK,Thread Group 1-59,text,true,191,5467
1370224324224,5477,/addlava.php,200,OK,Thread Group 1-62,text,true,191,5477
1370224324254,5478,/addlava.php,200,OK,Thread Group 1-64,text,true,191,5478
1370224324284,5476,/addlava.php,200,OK,Thread Group 1-65,text,true,191,5476
1370224324336,5486,/addlava.php,200,OK,Thread Group 1-67,text,true,191,5486
1370224324369,5472,/addlava.php,200,OK,Thread Group 1-13,text,true,191,5472
1370224323968,5907,/addlava.php,200,OK,Thread Group 1-60,text,true,191,5907
1370224324577,5346,/addlava.php,200,OK,Thread Group 1-66,text,true,191,5346
1370224324613,5398,/addlava.php,200,OK,Thread Group 1-68,text,true,191,5398
1370224324707,5345,/addlava.php,200,OK,Thread Group 1-69,text,true,191,5345
1370224324747,5356,/addlava.php,200,OK,Thread Group 1-70,text,true,191,5356
1370224324789,5347,/addlava.php,200,OK,Thread Group 1-72,text,true,191,5347
1370224324836,5343,/addlava.php,200,OK,Thread Group 1-73,text,true,191,5343
1370224324977,5292,/addlava.php,200,OK,Thread Group 1-71,text,true,191,5292
1370224325029,5418,/addlava.php,200,OK,Thread Group 1-1,text,true,191,5418
1370224325072,5424,/addlava.php,200,OK,Thread Group 1-14,text,true,191,5424
1370224325106,5496,/addlava.php,200,OK,Thread Group 1-4,text,true,191,5496
1370224324507,6136,/addlava.php,200,OK,Thread Group 1-40,text,true,191,6136
1370224325138,5574,/addlava.php,200,OK,Thread Group 1-22,text,true,191,5574
1370224325242,5561,/addlava.php,200,OK,Thread Group 1-90,text,true,191,5561
1370224325330,5505,/addlava.php,200,OK,Thread Group 1-83,text,true,191,5505
1370224325368,5516,/addlava.php,200,OK,Thread Group 1-36,text,true,191,5516
1370224325402,5522,/addlava.php,200,OK,Thread Group 1-74,text,true,191,5522
1370224325428,5550,/addlava.php,200,OK,Thread Group 1-15,text,true,191,5550
1370224325482,5601,/addlava.php,200,OK,Thread Group 1-87,text,true,191,5601
1370224325542,5713,/addlava.php,200,OK,Thread Group 1-45,text,true,191,5713
1370224325579,5737,/addlava.php,200,OK,Thread Group 1-78,text,true,191,5737
1370224325669,5698,/addlava.php,200,OK,Thread Group 1-80,text,true,191,5698
1370224325610,5817,/addlava.php,200,OK,Thread Group 1-89,text,true,191,5817
1370224325804,5720,/addlava.php,200,OK,Thread Group 1-79,text,true,191,5720
1370224325847,5721,/addlava.php,200,OK,Thread Group 1-77,text,true,191,5721
1370224325713,5907,/addlava.php,200,OK,Thread Group 1-76,text,true,191,5907
1370224325893,5874,/addlava.php,200,OK,Thread Group 1-81,text,true,191,5874
1370224325940,5853,/addlava.php,200,OK,Thread Group 1-92,text,true,191,5853
1370224326045,5788,/addlava.php,200,OK,Thread Group 1-85,text,true,191,5788
1370224326077,5868,/addlava.php,200,OK,Thread Group 1-88,text,true,191,5868
1370224326126,5880,/addlava.php,200,OK,Thread Group 1-75,text,true,191,5880
1370224326160,5882,/addlava.php,200,OK,Thread Group 1-86,text,true,191,5882
1370224326234,5878,/addlava.php,200,OK,Thread Group 1-16,text,true,191,5878
1370224326267,5862,/addlava.php,200,OK,Thread Group 1-84,text,true,191,5862
1370224326377,5802,/addlava.php,200,OK,Thread Group 1-93,text,true,191,5802
1370224326428,5847,/addlava.php,200,OK,Thread Group 1-91,text,true,191,5847
1370224326529,5834,/addlava.php,200,OK,Thread Group 1-94,text,true,191,5834
1370224326565,5851,/addlava.php,200,OK,Thread Group 1-97,text,true,191,5851
1370224326602,5968,/addlava.php,200,OK,Thread Group 1-98,text,true,191,5968
1370224326629,5987,/addlava.php,200,OK,Thread Group 1-96,text,true,191,5987
1370224326660,6002,/addlava.php,200,OK,Thread Group 1-23,text,true,191,6002
1370224326746,6040,/addlava.php,200,OK,Thread Group 1-95,text,true,191,6040
1370224326776,6041,/addlava.php,200,OK,Thread Group 1-82,text,true,191,6041
1370224326806,6036,/addlava.php,200,OK,Thread Group 1-99,text,true,191,6036
1370224326880,6002,/addlava.php,200,OK,Thread Group 1-100,text,true,191,6002
1370224326921,6002,/addlava.php,200,OK,Thread Group 1-19,text,true,191,6002
1370224326984,5969,/addlava.php,200,OK,Thread Group 1-24,text,true,191,5969
1370224327107,5888,/addlava.php,200,OK,Thread Group 1-20,text,true,191,5888
1370224327155,5870,/addlava.php,200,OK,Thread Group 1-18,text,true,191,5870
1370224327187,5887,/addlava.php,200,OK,Thread Group 1-17,text,true,191,5887
1370224327221,5884,/addlava.php,200,OK,Thread Group 1-28,text,true,191,5884
1370224327276,5860,/addlava.php,200,OK,Thread Group 1-26,text,true,191,5860
1370224327316,5851,/addlava.php,200,OK,Thread Group 1-29,text,true,191,5851
1370224327379,5823,/addlava.php,200,OK,Thread Group 1-30,text,true,191,5823
1370224327459,5773,/addlava.php,200,OK,Thread Group 1-27,text,true,191,5773
1370224327507,5783,/addlava.php,200,OK,Thread Group 1-25,text,true,191,5783
1370224327570,5758,/addlava.php,200,OK,Thread Group 1-2,text,true,191,5758
1370224327673,5709,/addlava.php,200,OK,Thread Group 1-33,text,true,191,5709
1370224327717,5824,/addlava.php,200,OK,Thread Group 1-31,text,true,191,5824
1370224327617,5976,/addlava.php,200,OK,Thread Group 1-32,text,true,191,5976
1370224327800,5836,/addlava.php,200,OK,Thread Group 1-3,text,true,191,5836
1370224327830,5905,/addlava.php,200,OK,Thread Group 1-21,text,true,191,5904
1370224327862,5919,/addlava.php,200,OK,Thread Group 1-34,text,true,191,5919
1370224327958,5847,/addlava.php,200,OK,Thread Group 1-35,text,true,191,5847
1370224327893,5964,/addlava.php,200,OK,Thread Group 1-38,text,true,191,5964
1370224327979,5928,/addlava.php,200,OK,Thread Group 1-37,text,true,191,5928
1370224328035,5897,/addlava.php,200,OK,Thread Group 1-8,text,true,191,5897
1370224328110,5857,/addlava.php,200,OK,Thread Group 1-41,text,true,191,5857
1370224328127,5869,/addlava.php,200,OK,Thread Group 1-5,text,true,191,5869
1370224328190,5914,/addlava.php,200,OK,Thread Group 1-7,text,true,191,5914
1370224328286,5885,/addlava.php,200,OK,Thread Group 1-9,text,true,191,5885
1370224328345,5857,/addlava.php,200,OK,Thread Group 1-39,text,true,191,5857
1370224328398,5837,/addlava.php,200,OK,Thread Group 1-44,text,true,191,5837
1370224328453,5819,/addlava.php,200,OK,Thread Group 1-43,text,true,191,5819
1370224328525,5774,/addlava.php,200,OK,Thread Group 1-46,text,true,191,5774
1370224328575,5760,/addlava.php,200,OK,Thread Group 1-6,text,true,191,5760
1370224328653,5729,/addlava.php,200,OK,Thread Group 1-47,text,true,191,5729
1370224328706,5704,/addlava.php,200,OK,Thread Group 1-10,text,true,191,5704
1370224328755,5689,/addlava.php,200,OK,Thread Group 1-42,text,true,191,5689
1370224328814,5679,/addlava.php,200,OK,Thread Group 1-49,text,true,191,5679
1370224328947,5639,/addlava.php,200,OK,Thread Group 1-50,text,true,191,5639
1370224329015,5604,/addlava.php,200,OK,Thread Group 1-48,text,true,191,5604
1370224329069,5618,/addlava.php,200,OK,Thread Group 1-51,text,true,191,5618
1370224329110,5682,/addlava.php,200,OK,Thread Group 1-55,text,true,191,5682
1370224329152,5671,/addlava.php,200,OK,Thread Group 1-54,text,true,191,5671
1370224329191,5658,/addlava.php,200,OK,Thread Group 1-11,text,true,191,5658
1370224329231,5665,/addlava.php,200,OK,Thread Group 1-52,text,true,191,5665
1370224329291,5647,/addlava.php,200,OK,Thread Group 1-12,text,true,191,5647
1370224329344,5631,/addlava.php,200,OK,Thread Group 1-56,text,true,191,5631
1370224329384,5687,/addlava.php,200,OK,Thread Group 1-57,text,true,191,5687
1370224329428,5680,/addlava.php,200,OK,Thread Group 1-58,text,true,191,5680
1370224329466,5666,/addlava.php,200,OK,Thread Group 1-53,text,true,191,5666
1370224329516,5649,/addlava.php,200,OK,Thread Group 1-63,text,true,191,5649
1370224329627,5574,/addlava.php,200,OK,Thread Group 1-61,text,true,191,5574
1370224329665,5573,/addlava.php,200,OK,Thread Group 1-59,text,true,191,5573
1370224329704,5594,/addlava.php,200,OK,Thread Group 1-62,text,true,191,5594
1370224329735,5611,/addlava.php,200,OK,Thread Group 1-64,text,true,191,5611
1370224329764,5629,/addlava.php,200,OK,Thread Group 1-65,text,true,191,5629
1370224329845,5636,/addlava.php,200,OK,Thread Group 1-13,text,true,191,5636
1370224329826,5694,/addlava.php,200,OK,Thread Group 1-67,text,true,191,5694
1370224329879,5728,/addlava.php,200,OK,Thread Group 1-60,text,true,191,5728
1370224329927,5708,/addlava.php,200,OK,Thread Group 1-66,text,true,191,5708
1370224330015,5666,/addlava.php,200,OK,Thread Group 1-68,text,true,191,5666
1370224330055,5651,/addlava.php,200,OK,Thread Group 1-69,text,true,191,5651
1370224330107,5633,/addlava.php,200,OK,Thread Group 1-70,text,true,191,5633
1370224330139,5647,/addlava.php,200,OK,Thread Group 1-72,text,true,191,5647
1370224330183,5634,/addlava.php,200,OK,Thread Group 1-73,text,true,191,5634
1370224330273,5579,/addlava.php,200,OK,Thread Group 1-71,text,true,191,5579
1370224330499,5387,/addlava.php,200,OK,Thread Group 1-14,text,true,191,5387
1370224330647,5424,/addlava.php,200,OK,Thread Group 1-40,text,true,191,5424
1370224330715,5421,/addlava.php,200,OK,Thread Group 1-22,text,true,191,5421
1370224330806,5375,/addlava.php,200,OK,Thread Group 1-90,text,true,191,5375
1370224330838,5392,/addlava.php,200,OK,Thread Group 1-83,text,true,191,5392
1370224330887,5382,/addlava.php,200,OK,Thread Group 1-36,text,true,191,5382
1370224330928,5370,/addlava.php,200,OK,Thread Group 1-74,text,true,191,5370
1370224330982,5371,/addlava.php,200,OK,Thread Group 1-15,text,true,191,5371
1370224331087,5308,/addlava.php,200,OK,Thread Group 1-87,text,true,191,5308
1370224331258,5180,/addlava.php,200,OK,Thread Group 1-45,text,true,191,5180
1370224331320,5167,/addlava.php,200,OK,Thread Group 1-78,text,true,191,5167
1370224331371,5269,/addlava.php,200,OK,Thread Group 1-80,text,true,191,5269
1370224331430,5252,/addlava.php,200,OK,Thread Group 1-89,text,true,191,5252
1370224331528,5186,/addlava.php,200,OK,Thread Group 1-79,text,true,191,5186
1370224331624,5128,/addlava.php,200,OK,Thread Group 1-76,text,true,191,5128
1370224331571,5289,/addlava.php,200,OK,Thread Group 1-77,text,true,191,5289
1370224331770,5118,/addlava.php,200,OK,Thread Group 1-81,text,true,191,5118
1370224331796,5129,/addlava.php,200,OK,Thread Group 1-92,text,true,191,5129
1370224331835,5130,/addlava.php,200,OK,Thread Group 1-85,text,true,191,5130
1370224331947,5055,/addlava.php,200,OK,Thread Group 1-88,text,true,191,5055
1370224332009,5047,/addlava.php,200,OK,Thread Group 1-75,text,true,191,5047
1370224332044,5060,/addlava.php,200,OK,Thread Group 1-86,text,true,191,5060
1370224332114,5175,/addlava.php,200,OK,Thread Group 1-16,text,true,191,5175
1370224332132,5233,/addlava.php,200,OK,Thread Group 1-84,text,true,191,5233
1370224332181,5216,/addlava.php,200,OK,Thread Group 1-93,text,true,191,5216
1370224332278,5156,/addlava.php,200,OK,Thread Group 1-91,text,true,191,5156
1370224332366,5111,/addlava.php,200,OK,Thread Group 1-94,text,true,191,5111
1370224332418,5097,/addlava.php,200,OK,Thread Group 1-97,text,true,191,5097
1370224332573,5024,/addlava.php,200,OK,Thread Group 1-98,text,true,191,5024
1370224332619,5027,/addlava.php,200,OK,Thread Group 1-96,text,true,191,5027
1370224332665,5021,/addlava.php,200,OK,Thread Group 1-23,text,true,191,5021
1370224332789,4953,/addlava.php,200,OK,Thread Group 1-95,text,true,191,4953
1370224332819,5002,/addlava.php,200,OK,Thread Group 1-82,text,true,191,5002
1370224332845,5007,/addlava.php,200,OK,Thread Group 1-99,text,true,191,5007
1370224332884,5013,/addlava.php,200,OK,Thread Group 1-100,text,true,191,5013
1370224332926,5181,/addlava.php,200,OK,Thread Group 1-19,text,true,191,5181
1370224332956,5166,/addlava.php,200,OK,Thread Group 1-24,text,true,191,5166
1370224332998,5157,/addlava.php,200,OK,Thread Group 1-20,text,true,191,5157
1370224333028,5151,/addlava.php,200,OK,Thread Group 1-18,text,true,191,5151
1370224333077,5137,/addlava.php,200,OK,Thread Group 1-17,text,true,191,5137
1370224333107,5183,/addlava.php,200,OK,Thread Group 1-28,text,true,191,5183
1370224333139,5200,/addlava.php,200,OK,Thread Group 1-26,text,true,191,5200
1370224333170,5225,/addlava.php,200,OK,Thread Group 1-29,text,true,191,5225
1370224333204,5221,/addlava.php,200,OK,Thread Group 1-30,text,true,191,5221
1370224333235,5237,/addlava.php,200,OK,Thread Group 1-27,text,true,191,5237
1370224333293,5206,/addlava.php,200,OK,Thread Group 1-25,text,true,191,5206
1370224333384,5146,/addlava.php,200,OK,Thread Group 1-33,text,true,191,5146
1370224333544,5013,/addlava.php,200,OK,Thread Group 1-31,text,true,191,5013
1370224333595,5060,/addlava.php,200,OK,Thread Group 1-32,text,true,191,5060
1370224333737,4974,/addlava.php,200,OK,Thread Group 1-21,text,true,191,4974
1370224333784,5070,/addlava.php,200,OK,Thread Group 1-34,text,true,191,5070
1370224333808,5086,/addlava.php,200,OK,Thread Group 1-35,text,true,191,5086
1370224333859,5066,/addlava.php,200,OK,Thread Group 1-38,text,true,191,5066
1370224333910,5105,/addlava.php,200,OK,Thread Group 1-37,text,true,191,5105
1370224333969,5075,/addlava.php,200,OK,Thread Group 1-41,text,true,191,5075
1370224334205,4900,/addlava.php,200,OK,Thread Group 1-39,text,true,191,4900
1370224334238,4903,/addlava.php,200,OK,Thread Group 1-44,text,true,191,4903
1370224334275,4909,/addlava.php,200,OK,Thread Group 1-43,text,true,191,4909
1370224334301,4932,/addlava.php,200,OK,Thread Group 1-46,text,true,191,4932
1370224334385,4883,/addlava.php,200,OK,Thread Group 1-47,text,true,191,4883
1370224334446,4856,/addlava.php,200,OK,Thread Group 1-42,text,true,191,4856
1370224334495,4838,/addlava.php,200,OK,Thread Group 1-49,text,true,191,4838
1370224334589,4774,/addlava.php,200,OK,Thread Group 1-50,text,true,191,4774
1370224334622,4772,/addlava.php,200,OK,Thread Group 1-48,text,true,191,4772
1370224334690,4728,/addlava.php,200,OK,Thread Group 1-51,text,true,191,4728
1370224334795,4656,/addlava.php,200,OK,Thread Group 1-55,text,true,191,4656
1370224334825,4656,/addlava.php,200,OK,Thread Group 1-54,text,true,191,4656
1370224334900,4613,/addlava.php,200,OK,Thread Group 1-52,text,true,191,4613
1370224334977,4564,/addlava.php,200,OK,Thread Group 1-56,text,true,191,4564
1370224335074,4500,/addlava.php,200,OK,Thread Group 1-57,text,true,191,4500
1370224335110,4497,/addlava.php,200,OK,Thread Group 1-58,text,true,191,4497
1370224335137,4692,/addlava.php,200,OK,Thread Group 1-53,text,true,191,4692
1370224335170,4667,/addlava.php,200,OK,Thread Group 1-63,text,true,191,4667
1370224335303,4534,/addlava.php,200,OK,Thread Group 1-62,text,true,191,4534
1370224335242,4596,/addlava.php,200,OK,Thread Group 1-59,text,true,191,4596
1370224335204,4634,/addlava.php,200,OK,Thread Group 1-61,text,true,191,4634
1370224335349,4500,/addlava.php,200,OK,Thread Group 1-64,text,true,191,4500
1370224335396,4499,/addlava.php,200,OK,Thread Group 1-65,text,true,191,4499
1370224335524,4420,/addlava.php,200,OK,Thread Group 1-67,text,true,191,4420
1370224335610,4382,/addlava.php,200,OK,Thread Group 1-60,text,true,191,4382
1370224335638,4391,/addlava.php,200,OK,Thread Group 1-66,text,true,191,4391
1370224335686,4418,/addlava.php,200,OK,Thread Group 1-68,text,true,191,4418
1370224335710,4488,/addlava.php,200,OK,Thread Group 1-69,text,true,191,4488
1370224335743,4493,/addlava.php,200,OK,Thread Group 1-70,text,true,191,4493
1370224335791,4597,/addlava.php,200,OK,Thread Group 1-72,text,true,191,4597
1370224335820,4615,/addlava.php,200,OK,Thread Group 1-73,text,true,191,4615
1370224335855,4704,/addlava.php,200,OK,Thread Group 1-71,text,true,191,4704
1370224336073,4637,/addlava.php,200,OK,Thread Group 1-40,text,true,191,4637
1370224336185,4587,/addlava.php,200,OK,Thread Group 1-90,text,true,191,4587
1370224336235,4586,/addlava.php,200,OK,Thread Group 1-83,text,true,191,4586
1370224336270,4596,/addlava.php,200,OK,Thread Group 1-36,text,true,191,4596
1370224336299,4693,/addlava.php,200,OK,Thread Group 1-74,text,true,191,4693
1370224336397,4658,/addlava.php,200,OK,Thread Group 1-87,text,true,191,4658
1370224336440,4742,/addlava.php,200,OK,Thread Group 1-45,text,true,191,4742
1370224336489,4740,/addlava.php,200,OK,Thread Group 1-78,text,true,191,4740
1370224336642,4638,/addlava.php,200,OK,Thread Group 1-80,text,true,191,4638
1370224336683,4689,/addlava.php,200,OK,Thread Group 1-89,text,true,191,4689
1370224336715,4706,/addlava.php,200,OK,Thread Group 1-79,text,true,191,4706
1370224336754,4721,/addlava.php,200,OK,Thread Group 1-76,text,true,191,4721
1370224336862,4718,/addlava.php,200,OK,Thread Group 1-77,text,true,191,4718
1370224336890,4726,/addlava.php,200,OK,Thread Group 1-81,text,true,191,4726
1370224336927,4729,/addlava.php,200,OK,Thread Group 1-92,text,true,191,4729
1370224336967,4742,/addlava.php,200,OK,Thread Group 1-85,text,true,191,4742
1370224337004,4753,/addlava.php,200,OK,Thread Group 1-88,text,true,191,4753
1370224337059,5082,/addlava.php,200,OK,Thread Group 1-75,text,true,191,5082
1370224337435,4922,/addlava.php,200,OK,Thread Group 1-91,text,true,191,4922
1370224337366,4991,/addlava.php,200,OK,Thread Group 1-84,text,true,191,4991
1370224337110,5249,/addlava.php,200,OK,Thread Group 1-86,text,true,191,5249
1370224337479,4881,/addlava.php,200,OK,Thread Group 1-94,text,true,191,4881
1370224337399,4961,/addlava.php,200,OK,Thread Group 1-93,text,true,191,4961
1370224337517,4842,/addlava.php,200,OK,Thread Group 1-97,text,true,191,4842
1370224337599,4763,/addlava.php,200,OK,Thread Group 1-98,text,true,191,4763
1370224337648,4715,/addlava.php,200,OK,Thread Group 1-96,text,true,191,4715
1370224337823,4540,/addlava.php,200,OK,Thread Group 1-82,text,true,191,4540
1370224337744,4620,/addlava.php,200,OK,Thread Group 1-95,text,true,191,4620
1370224337853,4595,/addlava.php,200,OK,Thread Group 1-99,text,true,191,4595
1370224337899,4608,/addlava.php,200,OK,Thread Group 1-100,text,true,191,4608
1370224340824,1720,/addlava.php,200,OK,Thread Group 1-83,text,true,191,1720
