1370229168852,249,/fetchuserreview.php,200,OK,Thread Group 1-2,text,true,341,249
1370229168810,387,/fetchuserreview.php,200,OK,Thread Group 1-1,text,true,341,387
1370229168899,339,/fetchuserreview.php,200,OK,Thread Group 1-3,text,true,341,339
1370229168946,365,/fetchuserreview.php,200,OK,Thread Group 1-4,text,true,341,365
1370229168991,476,/fetchuserreview.php,200,OK,Thread Group 1-5,text,true,341,476
1370229169102,376,/fetchuserreview.php,200,OK,Thread Group 1-2,text,true,341,376
1370229169035,462,/fetchuserreview.php,200,OK,Thread Group 1-6,text,true,341,462
1370229169082,522,/fetchuserreview.php,200,OK,Thread Group 1-7,text,true,341,522
1370229169199,457,/fetchuserreview.php,200,OK,Thread Group 1-1,text,true,341,457
1370229169129,578,/fetchuserreview.php,200,OK,Thread Group 1-8,text,true,341,578
1370229169239,618,/fetchuserreview.php,200,OK,Thread Group 1-3,text,true,341,618
1370229169172,705,/fetchuserreview.php,200,OK,Thread Group 1-9,text,true,341,705
1370229169218,717,/fetchuserreview.php,200,OK,Thread Group 1-10,text,true,341,717
1370229169266,771,/fetchuserreview.php,200,OK,Thread Group 1-11,text,true,341,771
1370229169313,792,/fetchuserreview.php,200,OK,Thread Group 1-4,text,true,341,792
1370229169355,777,/fetchuserreview.php,200,OK,Thread Group 1-13,text,true,341,777
1370229169312,861,/fetchuserreview.php,200,OK,Thread Group 1-12,text,true,341,861
1370229169479,732,/fetchuserreview.php,200,OK,Thread Group 1-2,text,true,341,732
1370229169498,827,/fetchuserreview.php,200,OK,Thread Group 1-6,text,true,341,827
1370229169403,959,/fetchuserreview.php,200,OK,Thread Group 1-14,text,true,341,959
1370229169447,973,/fetchuserreview.php,200,OK,Thread Group 1-15,text,true,341,973
1370229169491,1009,/fetchuserreview.php,200,OK,Thread Group 1-16,text,true,341,1009
1370229169605,983,/fetchuserreview.php,200,OK,Thread Group 1-7,text,true,341,983
1370229169537,1144,/fetchuserreview.php,200,OK,Thread Group 1-17,text,true,341,1144
1370229169657,1064,/fetchuserreview.php,200,OK,Thread Group 1-1,text,true,341,1064
1370229169584,1243,/fetchuserreview.php,200,OK,Thread Group 1-18,text,true,341,1243
1370229169630,1238,/fetchuserreview.php,200,OK,Thread Group 1-19,text,true,341,1238
1370229169709,1215,/fetchuserreview.php,200,OK,Thread Group 1-8,text,true,341,1215
1370229169675,1289,/fetchuserreview.php,200,OK,Thread Group 1-20,text,true,341,1289
1370229169720,1326,/fetchuserreview.php,200,OK,Thread Group 1-21,text,true,341,1326
1370229169858,1268,/fetchuserreview.php,200,OK,Thread Group 1-3,text,true,341,1268
1370229169878,1292,/fetchuserreview.php,200,OK,Thread Group 1-9,text,true,341,1292
1370229169936,1405,/fetchuserreview.php,200,OK,Thread Group 1-10,text,true,341,1405
1370229169766,1709,/fetchuserreview.php,200,OK,Thread Group 1-22,text,true,341,1709
1370229169468,2083,/fetchuserreview.php,200,OK,Thread Group 1-5,text,true,341,2083
1370229170037,1544,/fetchuserreview.php,200,OK,Thread Group 1-11,text,true,341,1544
1370229170106,1513,/fetchuserreview.php,200,OK,Thread Group 1-4,text,true,341,1513
1370229170133,1517,/fetchuserreview.php,200,OK,Thread Group 1-13,text,true,341,1517
1370229170174,1510,/fetchuserreview.php,200,OK,Thread Group 1-12,text,true,341,1510
1370229170212,1564,/fetchuserreview.php,200,OK,Thread Group 1-2,text,true,341,1564
1370229170325,1582,/fetchuserreview.php,200,OK,Thread Group 1-6,text,true,341,1582
1370229170363,1650,/fetchuserreview.php,200,OK,Thread Group 1-14,text,true,341,1650
1370229170421,1711,/fetchuserreview.php,200,OK,Thread Group 1-15,text,true,341,1711
1370229170501,1724,/fetchuserreview.php,200,OK,Thread Group 1-16,text,true,341,1724
1370229170589,1660,/fetchuserreview.php,200,OK,Thread Group 1-7,text,true,341,1660
1370229170683,1629,/fetchuserreview.php,200,OK,Thread Group 1-17,text,true,341,1629
1370229170722,1744,/fetchuserreview.php,200,OK,Thread Group 1-1,text,true,341,1744
1370229170828,1723,/fetchuserreview.php,200,OK,Thread Group 1-18,text,true,341,1723
1370229170869,1781,/fetchuserreview.php,200,OK,Thread Group 1-19,text,true,341,1781
1370229170925,1923,/fetchuserreview.php,200,OK,Thread Group 1-8,text,true,341,1923
1370229170964,1936,/fetchuserreview.php,200,OK,Thread Group 1-20,text,true,341,1936
1370229171047,1902,/fetchuserreview.php,200,OK,Thread Group 1-21,text,true,341,1902
1370229171127,1874,/fetchuserreview.php,200,OK,Thread Group 1-3,text,true,341,1874
1370229171171,2006,/fetchuserreview.php,200,OK,Thread Group 1-9,text,true,341,2006
1370229171342,1885,/fetchuserreview.php,200,OK,Thread Group 1-10,text,true,341,1885
1370229171475,1923,/fetchuserreview.php,200,OK,Thread Group 1-22,text,true,341,1923
1370229171552,1893,/fetchuserreview.php,200,OK,Thread Group 1-5,text,true,341,1893
1370229171582,1954,/fetchuserreview.php,200,OK,Thread Group 1-11,text,true,341,1954
1370229171620,1989,/fetchuserreview.php,200,OK,Thread Group 1-4,text,true,341,1989
1370229171651,2148,/fetchuserreview.php,200,OK,Thread Group 1-13,text,true,341,2148
1370229171685,2158,/fetchuserreview.php,200,OK,Thread Group 1-12,text,true,341,2158
1370229171777,2199,/fetchuserreview.php,200,OK,Thread Group 1-2,text,true,341,2199
1370229171908,2101,/fetchuserreview.php,200,OK,Thread Group 1-6,text,true,341,2101
1370229172014,2039,/fetchuserreview.php,200,OK,Thread Group 1-14,text,true,341,2039
1370229172133,1973,/fetchuserreview.php,200,OK,Thread Group 1-15,text,true,341,1973
1370229172250,1910,/fetchuserreview.php,200,OK,Thread Group 1-7,text,true,341,1910
1370229172313,1899,/fetchuserreview.php,200,OK,Thread Group 1-17,text,true,341,1899
1370229172467,1902,/fetchuserreview.php,200,OK,Thread Group 1-1,text,true,341,1902
1370229172552,1888,/fetchuserreview.php,200,OK,Thread Group 1-18,text,true,341,1888
1370229172226,2261,/fetchuserreview.php,200,OK,Thread Group 1-16,text,true,341,2261
1370229172651,1958,/fetchuserreview.php,200,OK,Thread Group 1-19,text,true,341,1958
1370229172849,1797,/fetchuserreview.php,200,OK,Thread Group 1-8,text,true,341,1797
1370229172901,1813,/fetchuserreview.php,200,OK,Thread Group 1-20,text,true,341,1813
1370229172950,2173,/fetchuserreview.php,200,OK,Thread Group 1-21,text,true,341,2173
1370229173002,2277,/fetchuserreview.php,200,OK,Thread Group 1-3,text,true,341,2277
1370229173178,2168,/fetchuserreview.php,200,OK,Thread Group 1-9,text,true,341,2168
1370229173228,2165,/fetchuserreview.php,200,OK,Thread Group 1-10,text,true,341,2165
1370229173399,2140,/fetchuserreview.php,200,OK,Thread Group 1-22,text,true,341,2140
1370229173446,2164,/fetchuserreview.php,200,OK,Thread Group 1-5,text,true,341,2164
1370229173537,2104,/fetchuserreview.php,200,OK,Thread Group 1-11,text,true,341,2104
1370229173609,2196,/fetchuserreview.php,200,OK,Thread Group 1-4,text,true,341,2196
1370229173800,2156,/fetchuserreview.php,200,OK,Thread Group 1-13,text,true,341,2156
1370229173844,2201,/fetchuserreview.php,200,OK,Thread Group 1-12,text,true,341,2201
1370229173977,2144,/fetchuserreview.php,200,OK,Thread Group 1-2,text,true,341,2144
1370229174010,2284,/fetchuserreview.php,200,OK,Thread Group 1-6,text,true,341,2284
1370229174054,2467,/fetchuserreview.php,200,OK,Thread Group 1-14,text,true,341,2467
1370229174107,2515,/fetchuserreview.php,200,OK,Thread Group 1-15,text,true,341,2515
1370229174161,2666,/fetchuserreview.php,200,OK,Thread Group 1-7,text,true,341,2666
1370229174213,2829,/fetchuserreview.php,200,OK,Thread Group 1-17,text,true,341,2829
1370229174371,2703,/fetchuserreview.php,200,OK,Thread Group 1-1,text,true,341,2703
1370229174488,2704,/fetchuserreview.php,200,OK,Thread Group 1-16,text,true,341,2704
1370229174441,2751,/fetchuserreview.php,200,OK,Thread Group 1-18,text,true,341,2751
1370229174610,2598,/fetchuserreview.php,200,OK,Thread Group 1-19,text,true,341,2598
1370229174646,2574,/fetchuserreview.php,200,OK,Thread Group 1-8,text,true,341,2574
1370229174740,2498,/fetchuserreview.php,200,OK,Thread Group 1-20,text,true,341,2498
1370229175124,2211,/fetchuserreview.php,200,OK,Thread Group 1-21,text,true,341,2211
1370229175280,2201,/fetchuserreview.php,200,OK,Thread Group 1-3,text,true,341,2201
1370229175347,2163,/fetchuserreview.php,200,OK,Thread Group 1-9,text,true,341,2163
1370229175394,2133,/fetchuserreview.php,200,OK,Thread Group 1-10,text,true,341,2133
1370229175540,2056,/fetchuserreview.php,200,OK,Thread Group 1-22,text,true,341,2056
1370229175611,2500,/fetchuserreview.php,200,OK,Thread Group 1-5,text,true,341,2500
1370229175642,2490,/fetchuserreview.php,200,OK,Thread Group 1-11,text,true,341,2490
1370229175806,2462,/fetchuserreview.php,200,OK,Thread Group 1-4,text,true,341,2462
1370229175957,2415,/fetchuserreview.php,200,OK,Thread Group 1-13,text,true,341,2414
1370229176046,2366,/fetchuserreview.php,200,OK,Thread Group 1-12,text,true,341,2366
1370229176121,2328,/fetchuserreview.php,200,OK,Thread Group 1-2,text,true,341,2328
1370229176295,2398,/fetchuserreview.php,200,OK,Thread Group 1-6,text,true,341,2398
1370229176522,2299,/fetchuserreview.php,200,OK,Thread Group 1-14,text,true,341,2299
1370229176623,2317,/fetchuserreview.php,200,OK,Thread Group 1-15,text,true,341,2317
1370229176827,2149,/fetchuserreview.php,200,OK,Thread Group 1-7,text,true,341,2149
1370229177043,2007,/fetchuserreview.php,200,OK,Thread Group 1-17,text,true,341,2007
1370229177075,2030,/fetchuserreview.php,200,OK,Thread Group 1-1,text,true,341,2030
1370229177194,2002,/fetchuserreview.php,200,OK,Thread Group 1-18,text,true,341,2002
1370229177209,2001,/fetchuserreview.php,200,OK,Thread Group 1-19,text,true,341,2001
1370229177194,2140,/fetchuserreview.php,200,OK,Thread Group 1-16,text,true,341,2140
1370229177221,2358,/fetchuserreview.php,200,OK,Thread Group 1-8,text,true,341,2358
1370229177239,2393,/fetchuserreview.php,200,OK,Thread Group 1-20,text,true,341,2393
1370229177336,2341,/fetchuserreview.php,200,OK,Thread Group 1-21,text,true,341,2341
1370229177482,2270,/fetchuserreview.php,200,OK,Thread Group 1-3,text,true,341,2270
1370229177528,2392,/fetchuserreview.php,200,OK,Thread Group 1-10,text,true,341,2392
1370229177512,2433,/fetchuserreview.php,200,OK,Thread Group 1-9,text,true,341,2433
1370229177598,2379,/fetchuserreview.php,200,OK,Thread Group 1-22,text,true,341,2379
1370229178112,1887,/fetchuserreview.php,200,OK,Thread Group 1-5,text,true,341,1887
1370229178133,2009,/fetchuserreview.php,200,OK,Thread Group 1-11,text,true,341,2008
1370229178373,1861,/fetchuserreview.php,200,OK,Thread Group 1-13,text,true,341,1861
1370229178269,1967,/fetchuserreview.php,200,OK,Thread Group 1-4,text,true,341,1967
1370229178450,1920,/fetchuserreview.php,200,OK,Thread Group 1-2,text,true,341,1920
1370229178413,2025,/fetchuserreview.php,200,OK,Thread Group 1-12,text,true,341,2025
1370229178694,1897,/fetchuserreview.php,200,OK,Thread Group 1-6,text,true,341,1897
1370229178822,1825,/fetchuserreview.php,200,OK,Thread Group 1-14,text,true,341,1825
1370229178941,1751,/fetchuserreview.php,200,OK,Thread Group 1-15,text,true,341,1751
1370229178977,1879,/fetchuserreview.php,200,OK,Thread Group 1-7,text,true,341,1879
1370229179050,1847,/fetchuserreview.php,200,OK,Thread Group 1-17,text,true,341,1847
1370229179106,1898,/fetchuserreview.php,200,OK,Thread Group 1-1,text,true,341,1898
1370229179197,1889,/fetchuserreview.php,200,OK,Thread Group 1-18,text,true,341,1889
1370229179210,2036,/fetchuserreview.php,200,OK,Thread Group 1-19,text,true,341,2036
1370229179334,1947,/fetchuserreview.php,200,OK,Thread Group 1-16,text,true,341,1947
1370229179580,1730,/fetchuserreview.php,200,OK,Thread Group 1-8,text,true,341,1730
1370229179633,1782,/fetchuserreview.php,200,OK,Thread Group 1-20,text,true,341,1782
1370229179678,1787,/fetchuserreview.php,200,OK,Thread Group 1-21,text,true,341,1787
1370229179753,1769,/fetchuserreview.php,200,OK,Thread Group 1-3,text,true,341,1769
1370229179921,1770,/fetchuserreview.php,200,OK,Thread Group 1-10,text,true,341,1770
1370229179946,1927,/fetchuserreview.php,200,OK,Thread Group 1-9,text,true,341,1927
1370229179978,1897,/fetchuserreview.php,200,OK,Thread Group 1-22,text,true,341,1897
1370229180000,1900,/fetchuserreview.php,200,OK,Thread Group 1-5,text,true,341,1900
1370229180235,1796,/fetchuserreview.php,200,OK,Thread Group 1-13,text,true,341,1796
1370229180237,1853,/fetchuserreview.php,200,OK,Thread Group 1-4,text,true,341,1853
1370229180143,2016,/fetchuserreview.php,200,OK,Thread Group 1-11,text,true,341,2016
1370229180371,1986,/fetchuserreview.php,200,OK,Thread Group 1-2,text,true,341,1986
1370229180439,2073,/fetchuserreview.php,200,OK,Thread Group 1-12,text,true,341,2073
1370229180592,1958,/fetchuserreview.php,200,OK,Thread Group 1-6,text,true,341,1958
1370229180647,1948,/fetchuserreview.php,200,OK,Thread Group 1-14,text,true,341,1948
1370229180693,1940,/fetchuserreview.php,200,OK,Thread Group 1-15,text,true,341,1940
1370229180856,1829,/fetchuserreview.php,200,OK,Thread Group 1-7,text,true,341,1829
1370229180898,1900,/fetchuserreview.php,200,OK,Thread Group 1-17,text,true,341,1900
1370229181005,1929,/fetchuserreview.php,200,OK,Thread Group 1-1,text,true,341,1929
1370229181087,1947,/fetchuserreview.php,200,OK,Thread Group 1-18,text,true,341,1947
1370229181247,1991,/fetchuserreview.php,200,OK,Thread Group 1-19,text,true,341,1991
1370229181312,2184,/fetchuserreview.php,200,OK,Thread Group 1-8,text,true,341,2184
1370229181282,2215,/fetchuserreview.php,200,OK,Thread Group 1-16,text,true,341,2215
1370229181416,2150,/fetchuserreview.php,200,OK,Thread Group 1-20,text,true,341,2150
1370229181466,2170,/fetchuserreview.php,200,OK,Thread Group 1-21,text,true,341,2170
1370229181522,2167,/fetchuserreview.php,200,OK,Thread Group 1-3,text,true,341,2167
1370229181692,2330,/fetchuserreview.php,200,OK,Thread Group 1-10,text,true,341,2330
1370229181876,2146,/fetchuserreview.php,200,OK,Thread Group 1-22,text,true,341,2146
1370229181875,2147,/fetchuserreview.php,200,OK,Thread Group 1-9,text,true,341,2147
1370229181900,2192,/fetchuserreview.php,200,OK,Thread Group 1-5,text,true,341,2192
1370229182032,2116,/fetchuserreview.php,200,OK,Thread Group 1-13,text,true,341,2116
1370229182091,2191,/fetchuserreview.php,200,OK,Thread Group 1-4,text,true,341,2191
1370229182160,2181,/fetchuserreview.php,200,OK,Thread Group 1-11,text,true,341,2181
1370229182358,2019,/fetchuserreview.php,200,OK,Thread Group 1-2,text,true,341,2019
1370229182513,2003,/fetchuserreview.php,200,OK,Thread Group 1-12,text,true,341,2003
1370229182550,2026,/fetchuserreview.php,200,OK,Thread Group 1-6,text,true,341,2026
1370229182596,2030,/fetchuserreview.php,200,OK,Thread Group 1-14,text,true,341,2030
1370229182634,2103,/fetchuserreview.php,200,OK,Thread Group 1-15,text,true,341,2103
1370229182685,2120,/fetchuserreview.php,200,OK,Thread Group 1-7,text,true,341,2120
1370229182798,2126,/fetchuserreview.php,200,OK,Thread Group 1-17,text,true,341,2126
1370229182935,2030,/fetchuserreview.php,200,OK,Thread Group 1-1,text,true,341,2030
1370229183034,1968,/fetchuserreview.php,200,OK,Thread Group 1-18,text,true,341,1968
1370229183239,1789,/fetchuserreview.php,200,OK,Thread Group 1-19,text,true,341,1789
1370229183497,1694,/fetchuserreview.php,200,OK,Thread Group 1-8,text,true,341,1694
1370229183498,1845,/fetchuserreview.php,200,OK,Thread Group 1-16,text,true,341,1845
1370229183637,1747,/fetchuserreview.php,200,OK,Thread Group 1-21,text,true,341,1747
1370229183566,1881,/fetchuserreview.php,200,OK,Thread Group 1-20,text,true,341,1881
1370229183690,1955,/fetchuserreview.php,200,OK,Thread Group 1-3,text,true,341,1955
1370229184023,1628,/fetchuserreview.php,200,OK,Thread Group 1-9,text,true,341,1628
1370229184023,1761,/fetchuserreview.php,200,OK,Thread Group 1-22,text,true,341,1761
1370229184023,1801,/fetchuserreview.php,200,OK,Thread Group 1-10,text,true,341,1801
1370229184092,1779,/fetchuserreview.php,200,OK,Thread Group 1-5,text,true,341,1779
1370229184149,1880,/fetchuserreview.php,200,OK,Thread Group 1-13,text,true,341,1880
1370229184284,1814,/fetchuserreview.php,200,OK,Thread Group 1-4,text,true,341,1814
1370229184342,2023,/fetchuserreview.php,200,OK,Thread Group 1-11,text,true,341,2023
1370229184577,1894,/fetchuserreview.php,200,OK,Thread Group 1-6,text,true,341,1894
1370229184627,2009,/fetchuserreview.php,200,OK,Thread Group 1-14,text,true,341,2009
1370229184517,2207,/fetchuserreview.php,200,OK,Thread Group 1-12,text,true,341,2207
1370229184738,2150,/fetchuserreview.php,200,OK,Thread Group 1-15,text,true,341,2150
1370229184806,2149,/fetchuserreview.php,200,OK,Thread Group 1-7,text,true,341,2149
1370229184924,2257,/fetchuserreview.php,200,OK,Thread Group 1-17,text,true,341,2257
1370229185004,2252,/fetchuserreview.php,200,OK,Thread Group 1-18,text,true,341,2252
1370229185028,2337,/fetchuserreview.php,200,OK,Thread Group 1-19,text,true,341,2337
1370229185192,2268,/fetchuserreview.php,200,OK,Thread Group 1-8,text,true,341,2268
1370229185385,2284,/fetchuserreview.php,200,OK,Thread Group 1-21,text,true,341,2284
1370229185344,2431,/fetchuserreview.php,200,OK,Thread Group 1-16,text,true,341,2431
1370229185448,2585,/fetchuserreview.php,200,OK,Thread Group 1-20,text,true,341,2585
1370229185786,2357,/fetchuserreview.php,200,OK,Thread Group 1-22,text,true,341,2357
1370229185825,2405,/fetchuserreview.php,200,OK,Thread Group 1-10,text,true,341,2405
1370229185872,2428,/fetchuserreview.php,200,OK,Thread Group 1-5,text,true,341,2428
1370229185652,2742,/fetchuserreview.php,200,OK,Thread Group 1-9,text,true,341,2742
1370229186030,2403,/fetchuserreview.php,200,OK,Thread Group 1-13,text,true,341,2403
1370229186365,2137,/fetchuserreview.php,200,OK,Thread Group 1-11,text,true,341,2137
1370229186636,1914,/fetchuserreview.php,200,OK,Thread Group 1-14,text,true,341,1914
1370229186725,2041,/fetchuserreview.php,200,OK,Thread Group 1-12,text,true,341,2041
1370229186889,1904,/fetchuserreview.php,200,OK,Thread Group 1-15,text,true,341,1904
1370229187183,1746,/fetchuserreview.php,200,OK,Thread Group 1-17,text,true,341,1746
1370229187257,1720,/fetchuserreview.php,200,OK,Thread Group 1-18,text,true,341,1720
1370229187366,1673,/fetchuserreview.php,200,OK,Thread Group 1-19,text,true,341,1673
1370229187670,1458,/fetchuserreview.php,200,OK,Thread Group 1-21,text,true,341,1458
1370229187776,1395,/fetchuserreview.php,200,OK,Thread Group 1-16,text,true,341,1395
1370229188033,1180,/fetchuserreview.php,200,OK,Thread Group 1-20,text,true,341,1180
1370229188143,1105,/fetchuserreview.php,200,OK,Thread Group 1-22,text,true,341,1105
